InstitutionName,City,StreetAddress,Telephone,Email,Source,DoE_Status,Province,NatEmis,Ownership,Sector,Latitude,Longitude
Fanie Theron O,Cradock,"District STREET,CRADOCK,5880 522,CRADOCK,5880, Cradock, Eastern Cape",048 881 3469,,Department of Basic Education EMIS,OPEN,Eastern Cape,200800904,Public,Public ECD Centre,-32.17138,25.61578
Nomzamo Special Care Centre O,Cradock,"Cradock, Eastern Cape",048 881 5229,,Department of Basic Education EMIS,OPEN,Eastern Cape,200801485,Public,Public ECD Centre,,
Rosary Nursery O,Cradock,"District RD,MICHAUSDAL,5880 2014,MICHAUSDAL,5880, Cradock, Eastern Cape",048 881 3681,,Department of Basic Education EMIS,OPEN,Eastern Cape,200800872,Public,Public ECD Centre,-32.17421,25.63681
Berlin Pre-primary O,East London,"STREET, , BERLIN, STREET, East London, Eastern Cape",043 685 2561,,Department of Basic Education EMIS,OPEN,Eastern Cape,200800998,Public,Public ECD Centre,-32.8784,27.5756
G M Mpepo Pre-primary School O,East London,"11B,MDANTSANE,5219 NU11B,MDANTSANE,5219, East London, Eastern Cape",011 555 0100,,Department of Basic Education EMIS,OPEN,Eastern Cape,200801026,Public,Public ECD Centre,-32.93153,27.72499
Isiseko Pre-primary School O,East London,"9692,BOMELA RD 1,MDANTSANE,5219 1,BOMOLA ROAD, East London, Eastern Cape",043 763 1824,,Department of Basic Education EMIS,OPEN,Eastern Cape,200801003,Public,Public ECD Centre,-32.95044,27.76248
Luncedo Pre-primary School O,East London,"104,NU13,MDANTSANE,5219 5042,NGWENYATHI O,5219, East London, Eastern Cape",011 555 0100,,Department of Basic Education EMIS,OPEN,Eastern Cape,200801021,Public,Public ECD Centre,-32.93453,27.70762
Masikhule Pre-primary School O,East London,"2,MDANTSANE,5219 259,MDANTSANE,5219, East London, Eastern Cape",043 760 0026,,Department of Basic Education EMIS,OPEN,Eastern Cape,200801020,Public,Public ECD Centre,-32.94436,27.75801
Mthombolwazi Pre-primary School O,East London,"8,MDANTSANE,5219 NU8,MDANTSANE,5219, East London, Eastern Cape",083 707 7726,,Department of Basic Education EMIS,OPEN,Eastern Cape,200801018,Public,Public ECD Centre,-32.93686,27.73137
Namhla Pre-primary School O,East London,"NU9,MDANTSANE,5219 9,MDANTSANE,5219, East London, Eastern Cape",011 555 0100,,Department of Basic Education EMIS,OPEN,Eastern Cape,200801017,Public,Public ECD Centre,-32.92292,27.74001
Selborne Pre-primary School O,East London,"ROAD,VINCENT,EAST LONDON,5247 19522,TECOMA,5214, East London, Eastern Cape",043 726 6434,,Department of Basic Education EMIS,OPEN,Eastern Cape,200801008,Public,Public ECD Centre,-32.98856,27.90156
Stepping Stones Pre-primary School O,East London,"DISTRICT 5117,GREENFIELDS,EAST LONDON,5201, East London, Eastern Cape",043 736 1030,,Department of Basic Education EMIS,OPEN,Eastern Cape,200801007,Public,Public ECD Centre,-33.04167,27.8545
Tomorrowland Pre-primary School O,East London,"STREET,BUFFALO FLATS,5200 1208,BUFFALO FLATS,5209, East London, Eastern Cape",043 733 8011,,Department of Basic Education EMIS,OPEN,Eastern Cape,200800999,Public,Public ECD Centre,-33.02348,27.87333
Vuleka Pre-primary School O,East London,"34,NU 14,MDANTSANE,5219 5199,NGWENYATHI,5219, East London, Eastern Cape",011 555 0100,,Department of Basic Education EMIS,OPEN,Eastern Cape,200801006,Public,Public ECD Centre,-32.94665,27.69724
Busy Bee Pre-school O,Eastern Cape,"District STREET,FRANCISVALE,SOMERSET EAST, 207,SOMERSET EAST,5850, Eastern Cape, Eastern Cape",042 243 3186,,Department of Basic Education EMIS,OPEN,Eastern Cape,200800501,Public,Public ECD Centre,-32.71633,25.59394
Kroonvale Pre-primary O,Graaff-Reinet,"District STREET,KROONVALE,6281 X02,GRAAFF REINET,6280, Graaff-Reinet, Eastern Cape",049 892 2326,,Department of Basic Education EMIS,OPEN,Eastern Cape,200800502,Public,Public ECD Centre,-32.2553,24.56037
W E Pienaar O,Graaff-Reinet,"District SQUARE,SPANDAUVILLE,GRAAAFF-REINET, 65,GRAAFF REINET,6280, Graaff-Reinet, Eastern Cape",049 892 2643,,Department of Basic Education EMIS,OPEN,Eastern Cape,200800503,Public,Public ECD Centre,-32.26749,24.53977
Happy Hours Pre-primary School O,Port Elizabeth,"District ST,PORT ALFRED,6170 204,PORT ELIZABETH,6170, Port Elizabeth, Eastern Cape",046 624 1464,,Department of Basic Education EMIS,OPEN,Eastern Cape,200800516,Public,Public ECD Centre,-33.35239,26.54238
Heidi Pre-primary School O,Grahamstown,"District STREET,GRAHAMSTOWN,6139 STREET,GRAHAMSTOWN,6139, Grahamstown, Eastern Cape",046 622 6758,,Department of Basic Education EMIS,OPEN,Eastern Cape,200800611,Public,Public ECD Centre,-33.18257,26.32178
Kleuterland Pre-primary School O,Grahamstown,"District STREET,GRAHAMSTOWN,6139 STREET,GRAHAMSTOWN,6139, Grahamstown, Eastern Cape",046 622 2804,,Department of Basic Education EMIS,OPEN,Eastern Cape,200800610,Public,Public ECD Centre,-33.18994,26.31641
Dolfyntjie Pre-primary School O,Port Elizabeth,"Avenue,Summerstrand,6001 13159,Humewood,6001, Port Elizabeth, Eastern Cape",041 583 3086,,Department of Basic Education EMIS,OPEN,Eastern Cape,200801038,Public,Public ECD Centre,-33.99596,25.66296
Dorothy Tomlinson Preschool O,Port Elizabeth,"STREET OFFICE,KWA-ZAKELE,6205, Port Elizabeth, Eastern Cape",041 466 8244,,Department of Basic Education EMIS,OPEN,Eastern Cape,200801809,Public,Public ECD Centre,,
Gateways Pre-primary School O,Port Elizabeth,"56,MAIN ROAD,6070 WALMER,6070, Port Elizabeth, Eastern Cape",041 581 5527,,Department of Basic Education EMIS,OPEN,Eastern Cape,200801037,Public,Public ECD Centre,-33.97593,25.59263
Haas Das Pre-primary School O,Port Elizabeth,"ALGOA PARK,PORT ELIZABETH,6001 STREET,ALGOA PARK,6001, Port Elizabeth, Eastern Cape",041 452 4089,,Department of Basic Education EMIS,OPEN,Eastern Cape,200801036,Public,Public ECD Centre,-33.89382,25.55843
Kabega Park Pre-primary School O,Port Elizabeth,"STREET,KABEGA PARK,PORT ELIZABETH,6015 10226,LINTON GRANGE,6015, Port Elizabeth, Eastern Cape",041 360 8082,,Department of Basic Education EMIS,OPEN,Eastern Cape,200801035,Public,Public ECD Centre,-33.94381,25.49244
Linkside Pre-primary School O,Port Elizabeth,"CRESCENT OFFICE,LINKSIDE,PORT ELIZABETH,6001, Port Elizabeth, Eastern Cape",041 373 6019,,Department of Basic Education EMIS,OPEN,Eastern Cape,200801034,Public,Public ECD Centre,-33.96362,25.57608
Newton Park Pre-primary School O,Port Elizabeth,"STREET,NEWTON PARK,6045 STREET,NEWTON PARK,6045, Port Elizabeth, Eastern Cape",041 364 2648,,Department of Basic Education EMIS,OPEN,Eastern Cape,200801033,Public,Public ECD Centre,-33.9411,25.55818
Seemeeu Pre-primary O,Port Elizabeth,"CENTRE,HILTON CRES,FOREST HILL,6013 13041,HUMEWOOD,6013, Port Elizabeth, Eastern Cape",041 585 4178,,Department of Basic Education EMIS,OPEN,Eastern Cape,200801050,Public,Public ECD Centre,-33.9804,25.63166
St Dominics Priory Pre-school O,Port Elizabeth,"LEONARD AVE,MIRIAMAR,PORT ELIZABETH,6011 15583,EMERALD HILL,6011, Port Elizabeth, Eastern Cape",041 396 2816,,Department of Basic Education EMIS,OPEN,Eastern Cape,200801032,Public,Public ECD Centre,-33.99957,25.54529
Sunridge Pre-primary School O,Port Elizabeth,"AVENUE 28099,SUNRIDGE PARK,PORT ELIZABETH,6008, Port Elizabeth, Eastern Cape",041 360 1997,,Department of Basic Education EMIS,OPEN,Eastern Cape,200801031,Public,Public ECD Centre,-33.95652,25.52183
Walmer Pre-primary School O,Port Elizabeth,"ROAD,WALMER,PORT ELIZABETH,6070 WALMER,6070, Port Elizabeth, Eastern Cape",041 581 3629,,Department of Basic Education EMIS,OPEN,Eastern Cape,200801029,Public,Public ECD Centre,-33.97402,25.58563
Bollie Konyn Pre-primary School O,Brits,"District STREET,ALIWAL NORTH,9750 8,ALIWAL NORTH,9750, Brits, Eastern Cape",051 634 2201,,Department of Basic Education EMIS,OPEN,Eastern Cape,200800851,Public,Public ECD Centre,-30.69276,26.70669
Tjokkerland Pre-primary O,Eastern Cape,"District STREET,BURGERSDORP,9744 383,BURGERSDORP,9744, Eastern Cape, Eastern Cape",051 653 1804,,Department of Basic Education EMIS,OPEN,Eastern Cape,200800853,Public,Public ECD Centre,-30.99359,26.33155
Convent Pre-primary O,Uitenhage,"STREET,UITENHAGE,6230 1502,UITENHAGE,6230, Uitenhage, Eastern Cape",041 992 2959,,Department of Basic Education EMIS,OPEN,Eastern Cape,200800521,Public,Public ECD Centre,-33.7679,25.3962
Kikkie Wikkie Pre-primary School O,Uitenhage,"District STREET,KIRKWOOD, 261,KIRKWOOD,6120, Uitenhage, Eastern Cape",042 230 0449,,Department of Basic Education EMIS,OPEN,Eastern Cape,200800522,Public,Public ECD Centre,-33.39737,25.44036
Levyvale Pre-primary School O,Uitenhage,"BARDENHORST7 CRESCENT,LEVYVALE,UITENHAGE,6230 314,UITENHAGE,6230, Uitenhage, Eastern Cape",041 966 1313,,Department of Basic Education EMIS,OPEN,Eastern Cape,200800527,Public,Public ECD Centre,-33.74299,25.40585
Ncedanani Preschool O,Uitenhage,"STREET,KWANOBUHLE,6242, Uitenhage, Eastern Cape",041 977 7626,,Department of Basic Education EMIS,OPEN,Eastern Cape,200800523,Public,Public ECD Centre,,
Nolukhanyo Preschool O,Uitenhage,"Uitenhage, Eastern Cape",042 233 0033,,Department of Basic Education EMIS,OPEN,Eastern Cape,200801898,Public,Public ECD Centre,-31.91001,28.74453
Nomatamsanqa Educare O,Uitenhage,"Uitenhage, Eastern Cape",011 555 0100,,Department of Basic Education EMIS,OPEN,Eastern Cape,200801899,Public,Public ECD Centre,,
Ollie Olifant Kleuterskool O,Uitenhage,"Uitenhage, Eastern Cape",011 555 0100,,Department of Basic Education EMIS,OPEN,Eastern Cape,200801900,Public,Public ECD Centre,,
Afm Lebone Day Care Centre O,Sasolburg,"DISTRICT 815,SASOLBURG,9570, Sasolburg, Free State",016 974 1087,,Department of Basic Education EMIS,OPEN,Free State,443611801,Public,Public ECD Centre,-26.84147,27.8502
Atlehang Educare O,Sasolburg,"DISTRICT 2272,DENEYSVILLE,1932, Sasolburg, Free State",072 148 1998,,Department of Basic Education EMIS,OPEN,Free State,445503383,Public,Public ECD Centre,-26.89841,28.07728
Bambi PP/S O,Parys,"506,PARYS, Parys, Free State",011 555 0100,,Department of Basic Education EMIS,OPEN,Free State,445503410,Public,Public ECD Centre,,
Blikoortjies PP/S O,Parys,"STREET 1944, Parys, Free State",056 811 4822,,Department of Basic Education EMIS,OPEN,Free State,445503416,Public,Public ECD Centre,,
Boiteko Re Ahola,Sasolburg,"DISTRICT MAKOETLANE3997 2976,SASOLBURG,ZAMDELA,1947, Sasolburg, Free State",016 974 3243,,Department of Basic Education EMIS,OPEN,Free State,445203017,Public,Public ECD Centre,-26.84722,27.84994
Bollie Kleuterskool O,Viljoenskroon,"DISTRICT WJCRONJESTR 812,VILJOENSKROON,9520, Viljoenskroon, Free State",056 343 2614,,Department of Basic Education EMIS,OPEN,Free State,444306802,Public,Public ECD Centre,,
Brakanjan Pp/so,Kroonstad,"SYMONDSTRAAT 2497, Kroonstad, Free State",056 212 7576,,Department of Basic Education EMIS,OPEN,Free State,445503419,Public,Public ECD Centre,,
Buhle-buzile O,Bethlehem,"DISTRICT 152,FRANKFORT,983099, Bethlehem, Free State",015 298 3099,,Department of Basic Education EMIS,OPEN,Free State,445503384,Public,Public ECD Centre,-28.25526,28.51313
Bynny's Crecheo,Sasolburg,"STREET, Sasolburg, Free State",016 973 1708,,Department of Basic Education EMIS,OPEN,Free State,445503442,Public,Public ECD Centre,,
Dikopo Educare O,Free State,"DISTRICT 107,ORANJEVILLE,9415, Free State, Free State",011 555 0100,,Department of Basic Education EMIS,OPEN,Free State,445203000,Public,Public ECD Centre,-26.97871,28.21015
Get Set Educare O,Sasolburg,"DISTRICT STREET 2943,SASOLBURG,1947, Sasolburg, Free State",073 348 2721,,Department of Basic Education EMIS,OPEN,Free State,443611825,Public,Public ECD Centre,-26.83239,27.8557
Itshehetsengo,Sasolburg,"DISTRICT OFFICE,DENEYSVILLE,9412, Sasolburg, Free State",011 555 0100,,Department of Basic Education EMIS,OPEN,Free State,445203439,Public,Public ECD Centre,-26.89926,28.06596
Itumeleng Creche O,Kroonstad,"DISTRICT OFFICE,KROONSTAD,9499, Kroonstad, Free State",011 555 0100,,Department of Basic Education EMIS,OPEN,Free State,445203176,Public,Public ECD Centre,-27.74708,27.1773
Itumeleng Educare Centre O,Free State,"STREET 964,PHIRITONA, Free State, Free State",058 853 0528,,Department of Basic Education EMIS,OPEN,Free State,445503428,Public,Public ECD Centre,,
Kabouterland PP/S O,Free State,"DISTRICT STREET 440,KOPPIES,9540, Free State, Free State",056 777 1731,,Department of Basic Education EMIS,OPEN,Free State,442411809,Public,Public ECD Centre,,
Kgotsong Creche O,Kroonstad,"DISTRICT VILLAGE 10429,KROONSTAD,94999, Kroonstad, Free State",104 299 4999,,Department of Basic Education EMIS,OPEN,Free State,445202903,Public,Public ECD Centre,-27.63031,27.1867
Kids 4 Life School O,Free State,"Free State, Free State",011 555 0100,,Department of Basic Education EMIS,OPEN,Free State,445503429,Public,Public ECD Centre,,
Kiewiet PP/S O,Parys,"STREET 890, Parys, Free State",056 811 5940,,Department of Basic Education EMIS,OPEN,Free State,445503414,Public,Public ECD Centre,,
Kikkies Wikkie Pre Primary O,Sasolburg,"DISTRICT AARDT STREET 590,DENEYSVILLE,9412, Sasolburg, Free State",011 555 0100,,Department of Basic Education EMIS,OPEN,Free State,445203467,Public,Public ECD Centre,-26.88353,28.10911
Kopano Crecheo,Free State,"Free State, Free State",011 555 0100,,Department of Basic Education EMIS,OPEN,Free State,445503430,Public,Public ECD Centre,,
Kopano PP/S O,Kroonstad,"Kroonstad, Free State",011 555 0100,,Department of Basic Education EMIS,OPEN,Free State,445503411,Public,Public ECD Centre,,
Lerato Educareo,Sasolburg,"DISTRICT 1584,SASOLBURG,9571, Sasolburg, Free State",016 974 4169,,Department of Basic Education EMIS,OPEN,Free State,445203026,Public,Public ECD Centre,-26.83838,27.85311
Leratong Edu-care O,Sasolburg,"DISTRICT OFFICE,TAYLORPARK,1947, Sasolburg, Free State",011 555 0100,,Department of Basic Education EMIS,OPEN,Free State,445503385,Public,Public ECD Centre,-26.84869,27.85859
Lesedi Crecheo,Kroonstad,"DISTRICT STREET OFFICE,EDENVILLE,9535, Kroonstad, Free State",056 631 0117,,Department of Basic Education EMIS,OPEN,Free State,445203061,Public,Public ECD Centre,-27.55398,27.6532
Maokeng Child Welfare Creche O,Kroonstad,"DISTRICT 5212,KROONSTAD,9503, Kroonstad, Free State",056 218 1753,,Department of Basic Education EMIS,OPEN,Free State,445203110,Public,Public ECD Centre,-27.64607,27.17595
Mmasetjhaba Educare Centre O,Free State,"DISTRICT 607,NAMAHADI,FRANKFORD,9830, Free State, Free State",011 555 0100,,Department of Basic Education EMIS,OPEN,Free State,445503386,Public,Public ECD Centre,-27.25239,28.51141
Moalusi O,Free State,"DISTRICT 187,MAFAHLANENG,TWEELING,9826, Free State, Free State",083 427 5886,,Department of Basic Education EMIS,OPEN,Free State,445203232,Public,Public ECD Centre,-27.54567,28.5194
Moepeng Pre - School O,Kroonstad,"DISTRICT STREET 5002,LENGAU,9503, Kroonstad, Free State",056 218 1387,,Department of Basic Education EMIS,OPEN,Free State,445203006,Public,Public ECD Centre,,
Mokwallo Creche O,Free State,"DISTRICT 222,VREDEFORT,959599, Free State, Free State",022 295 9599,,Department of Basic Education EMIS,OPEN,Free State,445503388,Public,Public ECD Centre,-27.41113,27.97127
Motheo Crecheo,Sasolburg,"DISTRICT 33,DENEYSVILLE,SASOLBURG,9412, Sasolburg, Free State",011 555 0100,,Department of Basic Education EMIS,OPEN,Free State,445503389,Public,Public ECD Centre,-26.89362,28.07149
Mphohadi Educare O,Free State,"Free State, Free State",011 555 0100,,Department of Basic Education EMIS,OPEN,Free State,445503432,Public,Public ECD Centre,,
Ntataise Educare Centre O,Odendaalsrus,"DISTRICT OFFICE,EDENVILLE,9535, Odendaalsrus, Free State",082 757 5126,,Department of Basic Education EMIS,OPEN,Free State,445503390,Public,Public ECD Centre,-27.91143,26.69439
Ntlhalefise Playcentre O,Free State,"DISTRICT STR 283,VREDEFORT,959599, Free State, Free State",028 395 9599,,Department of Basic Education EMIS,OPEN,Free State,445503391,Public,Public ECD Centre,-27.00171,27.38123
Oompie-kedompie PP/S O,Kroonstad,"DISTRICT STR. OFFICE,KROONSTAD,9499, Kroonstad, Free State",056 212 7484,,Department of Basic Education EMIS,OPEN,Free State,445503323,Public,Public ECD Centre,,
Paballong Educare O,Free State,"DISTRICT STREET 827,HEILBRON,9560, Free State, Free State",058 853 0662,,Department of Basic Education EMIS,OPEN,Free State,445203216,Public,Public ECD Centre,-27.27885,27.97619
Parys Christian Pi/s,Parys,"Parys, Free State",400 723 9919,,Department of Basic Education EMIS,PENDING CLOSE,Free State,445802136,Public,Public ECD Centre,,
Phaphama Pre School O,Free State,"DISTRICT STREET OFFICE,KOPPIES,9540, Free State, Free State",056 777 1364,,Department of Basic Education EMIS,OPEN,Free State,445203054,Public,Public ECD Centre,-27.22963,27.60178
Presbyterian Educare Centre O,Sasolburg,"DISTRICT 2861,SASOLBURG,1947, Sasolburg, Free State",016 974 1095,,Department of Basic Education EMIS,OPEN,Free State,443611818,Public,Public ECD Centre,-26.84393,27.84823
Qalabotjha Development Centre O,Free State,"DISTRICT STREET 8426,VILLIERS,9840, Free State, Free State",058 821 1254,,Department of Basic Education EMIS,OPEN,Free State,445503265,Public,Public ECD Centre,-27.01456,28.62057
Re A Hodisa Creche O,Parys,"DISTRICT OFFICE,PARYS,9585, Parys, Free State",011 555 0100,,Department of Basic Education EMIS,OPEN,Free State,445503392,Public,Public ECD Centre,-27.06011,27.64211
Reahola Refeng Khotso Educare O,Free State,"Free State, Free State",011 555 0100,,Department of Basic Education EMIS,OPEN,Free State,445503434,Public,Public ECD Centre,,
Reararebetswe Pre-school O,Viljoenskroon,"DISTRICT 41,VILJOENSKROON,9520, Viljoenskroon, Free State",056 343 2331,,Department of Basic Education EMIS,OPEN,Free State,445203023,Public,Public ECD Centre,,
Refengkgotsoo,Free State,"DISTRICT OFFICE,KOPPIES,9540, Free State, Free State",056 777 70040839909688,,Department of Basic Education EMIS,OPEN,Free State,445203168,Public,Public ECD Centre,-27.22412,27.59085
Rehola Refengkgotso Educare O,Sasolburg,"DISTRICT 2004,SASOLBURG,9571, Sasolburg, Free State",016 974 2435,,Department of Basic Education EMIS,OPEN,Free State,445203224,Public,Public ECD Centre,-26.8444,27.85566
Tant San Se Kleuterland O,Parys,"DISTRICT STREET OFFICE,PARYS,9585, Parys, Free State",056 817 7553,,Department of Basic Education EMIS,OPEN,Free State,445203346,Public,Public ECD Centre,,
Thabang Educare O,Sasolburg,"DISTRICT 419,DENEYSVILLE,19329, Sasolburg, Free State",011 555 0100,,Department of Basic Education EMIS,OPEN,Free State,445503394,Public,Public ECD Centre,-26.89467,28.07215
Thembalethu Educare O,Sasolburg,"DISTRICT 2741,SASOLBURG,9570, Sasolburg, Free State",016 974 2597,,Department of Basic Education EMIS,OPEN,Free State,445202949,Public,Public ECD Centre,-26.83847,27.85676
Thusanong Educare O,Free State,"Free State, Free State",011 555 0100,,Department of Basic Education EMIS,OPEN,Free State,445503436,Public,Public ECD Centre,,
Tshepong Educare O,Free State,"DISTRICT STR 6,TWEELING,9820, Free State, Free State",073 618 4762,,Department of Basic Education EMIS,OPEN,Free State,445203244,Public,Public ECD Centre,-27.5466,28.51326
Westleigh Pre-school O,Viljoenskroon,"DISTRICT 293,VILJOENSKROON,9520, Viljoenskroon, Free State",011 555 0100,,Department of Basic Education EMIS,OPEN,Free State,445503396,Public,Public ECD Centre,-27.07435,27.04405
Agape Daycareo,Welkom,"WELKOM, Welkom, Free State",079 503 6895,,Department of Basic Education EMIS,OPEN,Free State,445503317,Independent,Independent ECD Centre,-28.22142,27.08374
Amohelang Creche & Pre-school O,Welkom,"Welkom, Free State",011 555 0100,,Department of Basic Education EMIS,OPEN,Free State,445503315,Independent,Independent ECD Centre,-27.96896,26.83071
Atamelang Creche O,Bothaville,"Bothaville, Free State",011 555 0100,,Department of Basic Education EMIS,OPEN,Free State,445503313,Independent,Independent ECD Centre,-27.37973,26.66324
Bedelia PP/S O,Welkom,"STREET, WELKOM, WELKOM, WELKOM, 55032, Welkom, Free State",057 352 6126,,Department of Basic Education EMIS,OPEN,Free State,444712801,Independent,Independent ECD Centre,-27.97983,26.72561
Boikemisetso O,Hennenman,"Hennenman, Free State",011 555 0100,,Department of Basic Education EMIS,OPEN,Free State,445503309,Independent,Independent ECD Centre,-28.01624,27.09329
Buzy Bees Nursery School O,Welkom,"CRESCENT, Welkom, Free State",057 357 2919,,Department of Basic Education EMIS,OPEN,Free State,445503422,Public,Public ECD Centre,,
Dagbreek Pp/so,Welkom,"MARITZSTRAAT 30, WELKOM, 30102, MORESKOF, Welkom, Free State",057 352 5016,,Department of Basic Education EMIS,OPEN,Free State,444712802,Independent,Independent ECD Centre,-27.57746,26.44417
Doorn PP/S O,Welkom,"DLROGERSTRAAT 23, WELKOM, ROGERSTR 23, Welkom, Free State",057 352 5926,,Department of Basic Education EMIS,OPEN,Free State,444712804,Independent,Independent ECD Centre,-27.98773,26.749
Gabaitumele Day Care Centre O,Hoopstad,"HOOPSTAD, STR, HOOPSTAD, Hoopstad, Free State",053 444 2075,,Department of Basic Education EMIS,OPEN,Free State,445202969,Independent,Independent ECD Centre,-27.83661,25.91811
Glory Pre-school O,Odendaalsrus,"GENEVA, LOCATION, LOCATION, MERAFONG, 1102, Odendaalsrus, Free State",076 151 3539,,Department of Basic Education EMIS,OPEN,Free State,445203460,Independent,Independent ECD Centre,-27.94181,26.47719
Ha Rona Centreo,Welkom,"WELKOM, Welkom, Free State",011 555 0100,,Department of Basic Education EMIS,OPEN,Free State,445503308,Independent,Independent ECD Centre,-27.96365,26.82449
Haas Das PP/S O,Allanridge,"LOMBAARD STREET, ALLANRIDGE, 33, ALLANRIDGE, Allanridge, Free State",057 451 2521,,Department of Basic Education EMIS,OPEN,Free State,440808803,Independent,Independent ECD Centre,-27.75517,26.64552
Isobel Cooke PP/S O,Odendaalsrus,"MAREESTRAAT 20, ODENDAALSRUS, 337, MAREESTRAAT, Odendaalsrus, Free State",057 354 1696,,Department of Basic Education EMIS,OPEN,Free State,440808802,Independent,Independent ECD Centre,-28.69149,26.25724
Ithabeleng Pp/so,Free State,"STR, DEALESVILLE, DEALESVILLE, DEALESVILLE, 173, Free State, Free State",011 555 0100,,Department of Basic Education EMIS,OPEN,Free State,440404841,Independent,Independent ECD Centre,-28.3922,25.46218
Jemina Letsie Creche O,Bothaville,"BOTHAVILLE, Bothaville, Free State",011 555 0100,,Department of Basic Education EMIS,OPEN,Free State,445503304,Independent,Independent ECD Centre,-27.71347,26.94655
Kabouterland Preprimere O,Wesselsbron,"STREET, 392, WESSELSBRON, Wesselsbron, Free State",057 899 1717,,Department of Basic Education EMIS,OPEN,Free State,444908803,Independent,Independent ECD Centre,,
Khotso Crecheo,Welkom,"Welkom, Free State",083 842 4247,,Department of Basic Education EMIS,OPEN,Free State,445503305,Independent,Independent ECD Centre,,
Kopano Crecheo,Ventersburg,"DISTRICT OFFICE,VENTERSBURG,9450, Ventersburg, Free State",083 479 2516,,Department of Basic Education EMIS,OPEN,Free State,445203046,Public,Public ECD Centre,,
Lerato O,Bothaville,"Street , Kgotsong, Kgotsong, Bothaville, Free State",057 899 8124,,Department of Basic Education EMIS,OPEN,Free State,445503341,Independent,Independent ECD Centre,-27.49167,26.65332
Lerato Crecheo,Wesselsbron,"MATUBEWESSELSBRON, 318, WESSELSBRON, Wesselsbron, Free State",011 555 0100,,Department of Basic Education EMIS,OPEN,Free State,445203464,Independent,Independent ECD Centre,-27.41412,26.94611
Leretlhabetse Creche O,Free State,"BOSHOF, Free State, Free State",011 555 0100,,Department of Basic Education EMIS,OPEN,Free State,445503302,Independent,Independent ECD Centre,-28.55624,25.25356
Lesedi Learning Centre O,Bothaville,"THABONG, Bothaville, Free State",011 555 0100,,Department of Basic Education EMIS,OPEN,Free State,445203118,Independent,Independent ECD Centre,-27.36907,26.65081
Lesedi Moahu Development Centre O,Welkom,"ROAD, WELKOM, 321, Welkom, Free State",011 555 0100,,Department of Basic Education EMIS,OPEN,Free State,445503443,Independent,Independent ECD Centre,,
Little Angels Pre-school O,Welkom,"Sanderstreet, , , WELKOM, 88018, Welkom, Free State",011 555 0100,,Department of Basic Education EMIS,OPEN,Free State,445503342,Independent,Independent ECD Centre,-28.00211,26.81521
Little Sheperds Pre-school O,Welkom,"SHEPERDS Street, Welkom, Welkom, 200, Welkom, Free State",057 355 2095,,Department of Basic Education EMIS,OPEN,Free State,445503339,Independent,Independent ECD Centre,-27.9716,26.75502
Mamahabane Creche O,Ventersburg,"MMAMAHABANE, , 308, VENTERSBURG, Ventersburg, Free State",057 651 5134,,Department of Basic Education EMIS,OPEN,Free State,445203490,Independent,Independent ECD Centre,-28.0922,27.14233
Mamello Community Creche O,Virginia,"Park, VIRGINIA, Virginia, Free State",011 555 0100,,Department of Basic Education EMIS,OPEN,Free State,445503343,Independent,Independent ECD Centre,-28.14168,26.89198
Matshepo Educare Centre O,Hoopstad,"STR., HOOPSTAD, HOOPSTAD, HOOPSTAD, 337, Hoopstad, Free State",053 444 1641,,Department of Basic Education EMIS,OPEN,Free State,445503286,Independent,Independent ECD Centre,-27.91911,25.74119
Mokhele's Kindergarden O,Welkom,"KINDERGARDEN Strubem street, Welkom, Welkom, Welkom, Free State",057 355 3439,,Department of Basic Education EMIS,OPEN,Free State,445503288,Independent,Independent ECD Centre,-27.97328,26.76713
Mothoosele Creche O,Bothaville,"Street , Kgotsong, Kgotsong, BOTHAVILLE, Bothaville, Free State",011 555 0100,,Department of Basic Education EMIS,OPEN,Free State,445503344,Independent,Independent ECD Centre,-27.63914,26.34371
Nkoala Day Care Centre O,Welkom,"Welkom, Free State",057 355 1700,,Department of Basic Education EMIS,OPEN,Free State,445503300,Independent,Independent ECD Centre,-27.96044,26.78613
Paballo Crecheo,Virginia,"STR., MELODING, MELODING, VIRGINIA, Virginia, Free State",057 215 2399,,Department of Basic Education EMIS,OPEN,Free State,445503297,Independent,Independent ECD Centre,-28.13372,26.90472
Paballo Pre-school O,Allanridge,"STR., ALLANRIDGE, ALLANRIDGE, , 27, Allanridge, Free State",057 451 3442,,Department of Basic Education EMIS,OPEN,Free State,445503295,Independent,Independent ECD Centre,-27.77471,26.65792
Phahameng Creche O,Bloemfontein,"STR, BULTFONTEIN, BULTFONTEIN, , 483, Bloemfontein, Free State",011 555 0100,,Department of Basic Education EMIS,OPEN,Free State,445203434,Independent,Independent ECD Centre,-28.30142,26.14968
Phola Creche & Pre-school O,Bultfontein,"PHAHAMENG, Bultfontein, 3300, BULTFONTEIN, Bultfontein, Free State",073 134 9044,,Department of Basic Education EMIS,OPEN,Free State,445203084,Independent,Independent ECD Centre,-28.3039,26.13027
Radebe Day Care Centre O,Welkom,"Street, Welkom, Free State",011 555 0100,,Department of Basic Education EMIS,OPEN,Free State,445503345,Independent,Independent ECD Centre,-27.94791,26.7192
Re A Hola Day Care O,Welkom,"Street, Welkom, Free State",071 887 8158,,Department of Basic Education EMIS,OPEN,Free State,445503346,Independent,Independent ECD Centre,-27.97082,26.84044
Reaheng Creche O,Virginia,"Drive, Virginia, Virginia, Virginia, 931, Virginia, Free State",051 215 1248,,Department of Basic Education EMIS,OPEN,Free State,445503292,Independent,Independent ECD Centre,-28.13535,26.90119
Rearabetswe Day Care & Pre-school O,Bultfontein,"Phahameng, , 2456, Bultfontein, Free State",011 555 0100,,Department of Basic Education EMIS,OPEN,Free State,445503347,Independent,Independent ECD Centre,-28.30496,26.1434
Reatlehile Educare O,Wesselsbron,"street, Wesselsbron, Wesselsbron, , 309, Wesselsbron, Free State",057 899 8341,,Department of Basic Education EMIS,OPEN,Free State,445503291,Independent,Independent ECD Centre,-27.83262,26.37102
Refilwe Crecheo,Bothaville,"street, Bothaville, Bothaville, , 195, Bothaville, Free State",056 515 6381,,Department of Basic Education EMIS,OPEN,Free State,445503290,Independent,Independent ECD Centre,-27.37845,26.64529
Riebeeckstad Pre-primêr O,Welkom,"AURORASTRAAT, WELKOM, WELKOM, WELKOM, 66250, Welkom, Free State",057 388 2395,,Department of Basic Education EMIS,OPEN,Free State,444712816,Independent,Independent ECD Centre,-27.92318,26.811
Rinkink PP/S O,Bultfontein,"DISTRICT BEYERSTRAAT 497,BULTFONTEIN,9670, Bultfontein, Free State",051 853 1339,,Department of Basic Education EMIS,OPEN,Free State,440808810,Public,Public ECD Centre,-28.29466,27.15301
Sandrivier Pp/so,Virginia,"str, VIRGINIA, 911, VIRGINIA, Virginia, Free State",057 212 5466,,Department of Basic Education EMIS,OPEN,Free State,444412826,Independent,Independent ECD Centre,-28.1139,26.85769
Siembamba P/so,Theunissen,"DISTRICT 94,THEUNISSEN,9410, Theunissen, Free State",057 733 0153,,Department of Basic Education EMIS,OPEN,Free State,444008801,Public,Public ECD Centre,,
St Helena Pp/so,Welkom,"street 14, Welkom, Welkom, Welkom, Welkom, Free State",057 352 8126,,Department of Basic Education EMIS,OPEN,Free State,445503278,Independent,Independent ECD Centre,-27.98959,26.71829
Tataisong Creche O,Theunissen,"CHURCH, THEUNISSEN, THEUNISSEN, , 249, Theunissen, Free State",011 555 0100,,Department of Basic Education EMIS,OPEN,Free State,445503051,Independent,Independent ECD Centre,-28.40939,26.70237
Thusano Day Care Centre O,Brandfort,"str., , 42, Brandfort, Brandfort, Free State",071 081 3458,,Department of Basic Education EMIS,OPEN,Free State,445503274,Independent,Independent ECD Centre,-28.69178,26.45812
Tlhabologo O,Brandfort,"DISTRICT STREET 129,GLEN,9358, Brandfort, Free State",011 555 0100,,Department of Basic Education EMIS,OPEN,Free State,445503348,Public,Public ECD Centre,-28.73503,26.10977
Tokologo E.c.d. Site O,Free State,"STREET, LOCATION, LOCATION, HERZOGVILLE, 301, Free State, Free State",061 162 6460,,Department of Basic Education EMIS,OPEN,Free State,445503272,Independent,Independent ECD Centre,-28.07168,25.29402
Tswelopele Day Care Centre O,Hennenman,"Phomolong, Hennenman, Free State",057 574 5798,,Department of Basic Education EMIS,OPEN,Free State,445503349,Independent,Independent ECD Centre,-28.01678,27.07547
Umzamo Crecheo,Virginia,"PARK, , VIRGINIA, MELODING, Virginia, Free State",011 555 0100,,Department of Basic Education EMIS,OPEN,Free State,445503271,Independent,Independent ECD Centre,-28.14159,26.89154
Victory O,Hennenman,"DISTRICT OFFICE,HENNENMAN,9445, Hennenman, Free State",011 555 0100,,Department of Basic Education EMIS,OPEN,Free State,445503270,Public,Public ECD Centre,-28.01553,27.08921
Virginia PP/S O,Virginia,"BURGHER, Virginia, BURGHER, VIRGINIA, Virginia, Free State",057 212 4916,,Department of Basic Education EMIS,OPEN,Free State,445503269,Independent,Independent ECD Centre,-28.10423,26.87796
Vuka Creche O,Bultfontein,"RDP SECTION, BULTFONTEIN, BULTFONTEIN, Bultfontein, Free State",011 555 0100,,Department of Basic Education EMIS,OPEN,Free State,445203085,Independent,Independent ECD Centre,-28.31664,26.14499
Welkom Creche And Pre-primary O,Welkom,"AVENUE 17, WELKOM, WELKOM, WELKOM, Welkom, Free State",011 555 0100,,Department of Basic Education EMIS,OPEN,Free State,445503260,Independent,Independent ECD Centre,-27.16722,26.73001
Winburg Kinderhuis O,Winburg,"DISTRICT 215,WINBURG,9420, Winburg, Free State",051 881 0307,,Department of Basic Education EMIS,OPEN,Free State,445008812,Public,Public ECD Centre,,
Woel & Werk PP/S O,Hennenman,"BECKSTRAAT FRIEDASTRAAT, 350, HENNENMAN, Hennenman, Free State",057 573 2351,,Department of Basic Education EMIS,OPEN,Free State,445503267,Independent,Independent ECD Centre,,
Adonia Pre-school O,Botshabelo,"826, BOTSHABELO, BOTSHABELO, , SECTION, Botshabelo, Free State",051 534 1025,,Department of Basic Education EMIS,OPEN,Free State,445202926,Independent,Independent ECD Centre,-29.21826,26.72325
Bambi PP/S O,Free State,"STREET, 12809, BRANDHOF, Free State, Free State",011 555 0100,,Department of Basic Education EMIS,OPEN,Free State,440304802,Independent,Independent ECD Centre,,
Bambolini Pp/so,Bloemfontein,"STREET, BLOEMFONTEIN, Bloemfontein, Free State",011 555 0100,,Department of Basic Education EMIS,OPEN,Free State,445503412,Independent,Independent ECD Centre,,
Bloempieland PP/S O,Oudtshoorn,"BASE, Renosterspruit, 20608, RHENOSTERSPRUIT, Oudtshoorn, Free State",051 405 6272,,Department of Basic Education EMIS,OPEN,Free State,440304803,Independent,Independent ECD Centre,-29.09973,26.31337
Boitekong Educare Centre O,Mangaung,"Section, Mangaung, Free State",073 666 7650,,Department of Basic Education EMIS,OPEN,Free State,445503350,Independent,Independent ECD Centre,-29.24767,26.71328
Boitumelo Day Care O,Wepener,"DISTRICT 53,VAN STADENSRUS,9945, Wepener, Free State",051 584 1111,,Department of Basic Education EMIS,OPEN,Free State,445203423,Public,Public ECD Centre,-29.58913,27.00491
Bongani Pre-school O,Botshabelo,"SECTION, , SECTION K, BOTSHABELO, Botshabelo, Free State",051 534 1777,,Department of Basic Education EMIS,OPEN,Free State,445202960,Independent,Independent ECD Centre,-29.22,26.7128
Bophelong Pre-school O,Botshabelo,"SECTION, , 6765, BOTSHABELO, Botshabelo, Free State",051 534 3710,,Department of Basic Education EMIS,OPEN,Free State,445203208,Independent,Independent ECD Centre,-29.21801,26.70076
Boroa Paradise Creche O,Excelsior,"DISTRICT 523,TWEESPRUIT,9770, Excelsior, Free State",072 986 4809,,Department of Basic Education EMIS,OPEN,Free State,445503351,Public,Public ECD Centre,-29.19445,27.0315
Buyane Day Care Centre O,Mangaung,"DISTRICT SECTION OFFICE,BOTSHABELO,9781, Mangaung, Free State",011 555 0100,,Department of Basic Education EMIS,OPEN,Free State,445202961,Public,Public ECD Centre,-29.24841,26.73462
C&n Oranje Pp/so,Bloemfontein,"STREET 99, BLOEMFONTEIN, BLOEMFONTEIN, Bloemfontein, Free State",051 448 4149,,Department of Basic Education EMIS,OPEN,Free State,440304806,Independent,Independent ECD Centre,-29.10345,26.22097
Cee Jay Teleka Educare Centre O,Bloemfontein,"Bloemfontein, Free State",011 555 0100,,Department of Basic Education EMIS,OPEN,Free State,445503444,Public,Public ECD Centre,,
Die Kleinskooltjie PP/S O,Bloemfontein,"BLOEMFONTEIN, 25266, PARK, Bloemfontein, Free State",051 446 3907,,Department of Basic Education EMIS,OPEN,Free State,445503423,Independent,Independent ECD Centre,,
Dumisani O,Mangaung,"DISTRICT SECTION 5186,BOTSHABELO,9781, Mangaung, Free State",072 536 8847,,Department of Basic Education EMIS,OPEN,Free State,445503352,Public,Public ECD Centre,-29.27803,26.7346
Ebenezer Crecho,Botshabelo,"KERK, SECTION T,, BOTSHABELO, Botshabelo, Free State",083 879 4486,,Department of Basic Education EMIS,OPEN,Free State,445202925,Independent,Independent ECD Centre,-29.26643,26.70726
Emmanuel Creche O,Botshabelo,"SECTION, , 5221, BOTSHABELO, Botshabelo, Free State",011 555 0100,,Department of Basic Education EMIS,OPEN,Free State,445203320,Independent,Independent ECD Centre,-29.21602,26.68301
Emmanuel Day Care Centre O,Bloemfontein,"STREET, BLOEMFONTEIN, BLOEMFONTEIN, BLOEMFONTEIN, Bloemfontein, Free State",011 555 0100,,Department of Basic Education EMIS,OPEN,Free State,445203494,Independent,Independent ECD Centre,-29.18912,26.22639
Eunice Educareo,Bloemfontein,"ROCKLANDS, BLOEMFONTEIN, Bloemfontein, Free State",073 939 0908,,Department of Basic Education EMIS,OPEN,Free State,445203135,Independent,Independent ECD Centre,-29.1752,26.23554
Grace Chapel Day Care Centre O,Mangaung,"SECTION H, , SECTION H, Mangaung, Free State",051 534 2570,,Department of Basic Education EMIS,OPEN,Free State,445203345,Independent,Independent ECD Centre,-29.20857,26.71852
Gummy Beals O,Bloemfontein,"GASCONY, BLOEMFONTEIN, Bloemfontein, Free State",011 555 0100,,Department of Basic Education EMIS,OPEN,Free State,445203275,Independent,Independent ECD Centre,,
Heidedal Kindersorg PP/S O,Bloemfontein,"DRIVES, BLOEMFONTEIN, BLOEMFONTEIN, BLOEMFONTEIN, 1011, Bloemfontein, Free State",051 432 4773,,Department of Basic Education EMIS,OPEN,Free State,440304854,Independent,Independent ECD Centre,-29.13276,26.2403
Ikaheng Day Care Centre O,Bloemfontein,"MAFORA, 2, Bloemfontein, Free State",078 810 8149,,Department of Basic Education EMIS,OPEN,Free State,445203296,Independent,Independent ECD Centre,-29.20775,26.23166
Ikaheng PP/S O,Botshabelo,"F, , 5035, BOTSHABELO, Botshabelo, Free State",051 534 1554,,Department of Basic Education EMIS,OPEN,Free State,440602810,Independent,Independent ECD Centre,-29.22,26.7128
Iketsetseng Pre-school O,Botshabelo,"5043,, BOTSHABELO, Botshabelo, Free State",072 202 2500,,Department of Basic Education EMIS,OPEN,Free State,445203388,Independent,Independent ECD Centre,-29.21083,26.71765
Ikhauheleng Pre-school O,Botshabelo,"2186, BOTSHABELO, BOTSHABELO, , 1182, Botshabelo, Free State",073 211 3189,,Department of Basic Education EMIS,OPEN,Free State,445202818,Independent,Independent ECD Centre,-29.20805,26.72878
Itekeng Day Care Centre O,Mangaung,"DISTRICT UPDATEDRICHARD SECTION OFFICE,BOTSHABELO,7490, Mangaung, Free State",011 555 0100,,Department of Basic Education EMIS,OPEN,Free State,445202875,Public,Public ECD Centre,-29.24491,26.70943
Itekeng Pre School O,Ladybrand,"DISTRICT 894,LADYBRAND,9745, Ladybrand, Free State",072 519 2369,,Department of Basic Education EMIS,OPEN,Free State,442607808,Public,Public ECD Centre,-29.17438,27.46106
Itereleng Day Creche O,Bloemfontein,"DCC, ROCKLANDS, ROCKLANDS, BLOEMFONTEIN, 23896, Bloemfontein, Free State",051 435 7303,,Department of Basic Education EMIS,OPEN,Free State,445203344,Independent,Independent ECD Centre,-29.19619,26.23829
Itsoseng Pp/so,Wepener,"DISTRICT 301,WEPENER,9944, Wepener, Free State",051 583 1678,,Department of Basic Education EMIS,OPEN,Free State,444802811,Public,Public ECD Centre,-29.7192,27.0269
Itumeleng Pp/so,Botshabelo,"SECTION 738, , 5428, BOTSHABELO, Botshabelo, Free State",011 555 0100,,Department of Basic Education EMIS,OPEN,Free State,440602812,Independent,Independent ECD Centre,-29.22052,26.71683
Itumeleng Pre School O,Botshabelo,"SECTION M, BOTSHABELO, Botshabelo, Free State",079 450 0363,,Department of Basic Education EMIS,OPEN,Free State,445203485,Independent,Independent ECD Centre,-29.19921,26.22727
Ivan Abrahams Play Centre O,Bloemfontein,"DISTRICT STREET 21375,HEIDEDAL,930699, Bloemfontein, Free State",011 555 0100,,Department of Basic Education EMIS,OPEN,Free State,445503353,Public,Public ECD Centre,-29.13434,26.24536
Js Mokoka Pre-school O,Free State,"Street , Kagisanong, Kagisanong, BLOEMANDA, Free State, Free State",011 555 0100,,Department of Basic Education EMIS,OPEN,Free State,445503354,Independent,Independent ECD Centre,-29.18417,26.22536
Kalosong Pre-school O,Botshabelo,"SECTION S, , SECTION S, Botshabelo, Free State",078 260 8026,,Department of Basic Education EMIS,OPEN,Free State,445203400,Independent,Independent ECD Centre,-29.27037,26.69201
Kamohelo Pp/so,Mangaung,"KALANE SECTION 447, , 6799, Mangaung, Free State",079 178 3256,,Department of Basic Education EMIS,OPEN,Free State,440602813,Independent,Independent ECD Centre,-29.20974,26.7123
Karabelo Day Care O,Bloemfontein,"1127, Bloemfontein, Free State",011 555 0100,,Department of Basic Education EMIS,OPEN,Free State,445503418,Public,Public ECD Centre,,
Katryntjie Pp/so,Mangaung,"Mangaung, Free State",083 287 7257,,Department of Basic Education EMIS,OPEN,Free State,445503439,Independent,Independent ECD Centre,,
Kgodisho Day Care Centre O,Free State,"TABA-NCHU, Free State, Free State",073 659 5229,,Department of Basic Education EMIS,OPEN,Free State,445503355,Independent,Independent ECD Centre,-29.19662,26.82571
Khanyang Creche O,Mangaung,"SECTION F, BOTSHABELO, Mangaung, Free State",072 296 4833,,Department of Basic Education EMIS,OPEN,Free State,445203209,Independent,Independent ECD Centre,-29.21465,27.43321
Khanyiso Pre-school O,Bloemfontein,"Bloemfontein, Free State",011 555 0100,,Department of Basic Education EMIS,OPEN,Free State,445503356,Independent,Independent ECD Centre,-29.15995,26.23784
Khauhelo Pp/so,Bloemfontein,"DISTRICT SECTION 5255,BLOEMFONTEIN,9781, Bloemfontein, Free State",051 532 1632,,Department of Basic Education EMIS,OPEN,Free State,440602849,Public,Public ECD Centre,-29.25963,26.72967
Khotsong Pre-school O,Mangaung,"DISTRICT SECTION OFFICE,BOTSHABELO,9781, Mangaung, Free State",071 034 4041,,Department of Basic Education EMIS,OPEN,Free State,445202842,Public,Public ECD Centre,-29.25257,26.68819
Khutshoane Pre-school O,Thaba Nchu,"Thaba Nchu, Free State",011 555 0100,,Department of Basic Education EMIS,OPEN,Free State,445503357,Independent,Independent ECD Centre,-29.16723,26.80085
Kontiki PP/S O,Bloemfontein,"PRELLERSTR, Bloemfontein, 28076, DANHOF, Bloemfontein, Free State",051 436 3370,,Department of Basic Education EMIS,OPEN,Free State,440304824,Independent,Independent ECD Centre,-29.08906,26.2121
La Verna Creche O,Botshabelo,"IGNATIOALAVERNNA CONVENT, BOTSHABELO, BOTSHABELO, Botshabelo, Free State",051 532 1625,,Department of Basic Education EMIS,OPEN,Free State,445202882,Independent,Independent ECD Centre,-29.25141,26.71345
Lebone Educare Centre O,Free State,"Free State, Free State",011 555 0100,,Department of Basic Education EMIS,OPEN,Free State,445503431,Public,Public ECD Centre,,
Lebone Land Educentre O,Bloemfontein,"DISTRICT 28360,DANHOF,931099, Bloemfontein, Free State",011 555 0100,,Department of Basic Education EMIS,OPEN,Free State,445503358,Public,Public ECD Centre,-29.13219,26.28676
Lephoi Pre-school O,Mangaung,"SECTION A, BOTSHABELO, Mangaung, Free State",073 129 0405,,Department of Basic Education EMIS,OPEN,Free State,445203211,Independent,Independent ECD Centre,-29.26218,26.73646
Lerato Pre-school O,Bloemfontein,"DISTRICT SECTION 81280,BOTSHABELO,BLOEMFONTEIN,9781, Bloemfontein, Free State",073 477 5154,,Department of Basic Education EMIS,OPEN,Free State,445202924,Public,Public ECD Centre,-29.22,26.7128
Leratong Ecdo,Bloemfontein,"Street , ROCKLANDS, ROCKLANDS, BLOEMFONTEIN, Bloemfontein, Free State",011 555 0100,,Department of Basic Education EMIS,OPEN,Free State,445503359,Independent,Independent ECD Centre,-29.19606,26.24188
Lesang Bana Day Care Centre O,Bloemfontein,"Mafora, Kagisanong, Kagisanong, BLOEMFONTEIN, 1019, Bloemfontein, Free State",082 541 4276,,Department of Basic Education EMIS,OPEN,Free State,445503360,Independent,Independent ECD Centre,-29.20019,26.24287
Lesedi Creche/day Care O,Free State,"EDU, DEWETSDORP, DEWETSDORP, , EDU, Free State, Free State",051 541 0342,,Department of Basic Education EMIS,OPEN,Free State,445203427,Independent,Independent ECD Centre,-29.58377,26.67398
Leseding Community School O,Botshabelo,"BOTSHABELO, 2119, BOTSHABELO, Botshabelo, Free State",051 534 1916,,Department of Basic Education EMIS,OPEN,Free State,445203197,Independent,Independent ECD Centre,-29.52395,27.13147
Mahlwempu Child Care Centre O,Bloemfontein,"STREET, BLOEMFONTEIN, BLOEMSIDE, 21539, Bloemfontein, Free State",051 432 6260,,Department of Basic Education EMIS,OPEN,Free State,445202884,Independent,Independent ECD Centre,-29.15682,26.25773
Mamello Pre-school O,Botshabelo,"SCHOOL, BOTSHABELO, BOTSHABELO, , SECTION, Botshabelo, Free State",051 532 1614,,Department of Basic Education EMIS,OPEN,Free State,445203360,Independent,Independent ECD Centre,-29.28561,26.72204
Mamosa Day Care Centre O,Botshabelo,"Section, Botshabelo, Free State",074 461 1122,,Department of Basic Education EMIS,OPEN,Free State,445503361,Independent,Independent ECD Centre,-29.22328,26.70357
Manyatseng Day Care Centre O,Ladybrand,"DISTRICT 1379,LADYBRAND,9745, Ladybrand, Free State",051 924 6017,,Department of Basic Education EMIS,OPEN,Free State,440000002,Public,Public ECD Centre,-29.16981,27.4654
Maranatha Pre School O,Bloemfontein,"ROAD, BLOEMFONTEIN, BLOEMFONTEIN, , 16015, Bloemfontein, Free State",073 982 9751,,Department of Basic Education EMIS,OPEN,Free State,445203173,Independent,Independent ECD Centre,-29.13213,26.2285
Maria Day Careo,Bloemfontein,"DISTRICT STREET OFFICE,J.B MAFORA,BLOEMFONTEIN,9323, Bloemfontein, Free State",084 464 8480,,Department of Basic Education EMIS,OPEN,Free State,445203438,Public,Public ECD Centre,-29.20526,26.24883
Matshepo Creche O,Bloemfontein,"70433, BLOEMFONTEIN, Bloemfontein, Free State",071 038 8581,,Department of Basic Education EMIS,OPEN,Free State,445203233,Independent,Independent ECD Centre,-29.16101,26.26159
Molisa Ea Molemo O,Ladybrand,"219, LADYBRAND, Ladybrand, Free State",011 555 0100,,Department of Basic Education EMIS,OPEN,Free State,440000003,Independent,Independent ECD Centre,-29.16737,27.46623
Monimang Pre-school O,Botshabelo,"SECTION J, , SECTION J, Botshabelo, Free State",011 555 0100,,Department of Basic Education EMIS,OPEN,Free State,445202812,Independent,Independent ECD Centre,-29.21898,26.68693
Monono Pre-school O,Botshabelo,"Section, Botshabelo, Free State",072 112 1520,,Department of Basic Education EMIS,OPEN,Free State,445503362,Independent,Independent ECD Centre,-29.22,26.7128
Motheo Community Day Care Centre O,Bloemfontein,"Bloemfontein, Free State",011 555 0100,,Department of Basic Education EMIS,OPEN,Free State,445503421,Public,Public ECD Centre,,
N.e. Makhetha Day Care Centre O,Mangaung,"Selosesha, , , 1294, Mangaung, Free State",083 738 8474,,Department of Basic Education EMIS,OPEN,Free State,445503363,Independent,Independent ECD Centre,-29.19576,26.81437
Nkarabe Pre-school O,Tweespruit,"Tweespruit, Free State",071 405 6573,,Department of Basic Education EMIS,OPEN,Free State,445503364,Independent,Independent ECD Centre,-29.18996,27.03805
Ntataise Pre-school O,Botshabelo,"SECTION G, , 5339, BOTSHABELO, Botshabelo, Free State",051 534 2240,,Department of Basic Education EMIS,OPEN,Free State,445202828,Independent,Independent ECD Centre,-29.22091,26.7072
Paballong - Educare O,Mangaung,"DISTRICT SECTION 5273,BOTSHABELO,9781, Mangaung, Free State",051 534 1739,,Department of Basic Education EMIS,OPEN,Free State,445202826,Public,Public ECD Centre,-29.22426,26.68197
Paballong Educare Centre O,Bloemfontein,"STREET, LOC, LOC, BLOEMFONTEIN, GA-SEHUNELO, Bloemfontein, Free State",051 432 2400,,Department of Basic Education EMIS,OPEN,Free State,445203336,Independent,Independent ECD Centre,-29.15897,26.24388
Palesa Pre-schoolo,Bloemfontein,"Street , Location, Location, BLOEMFONTEIN, Bloemfontein, Free State",011 555 0100,,Department of Basic Education EMIS,OPEN,Free State,445503365,Independent,Independent ECD Centre,-29.15697,26.24506
Paliso Day Care Centre O,Bloemfontein,"DISTRICT OFFICE,TURFLAAGTE,BLOEMFONTEIN,9323, Bloemfontein, Free State",011 555 0100,,Department of Basic Education EMIS,OPEN,Free State,445503366,Public,Public ECD Centre,-29.18476,26.25408
Pelo Ya Jesu Eya Jewa O,Bloemfontein,"STREET 2925, Bloemfontein, Free State",057 423 2421,,Department of Basic Education EMIS,OPEN,Free State,445503420,Public,Public ECD Centre,,
Phakisang Pre-school O,Botshabelo,"PUTLANE333 SECTION, Botshabelo, SECTION W, Botshabelo, Free State",084 650 5714,,Department of Basic Education EMIS,OPEN,Free State,445202831,Independent,Independent ECD Centre,-29.25176,26.67635
Qibing Educare Centre O,Wepener,"DISTRICT STR OFFICE,WEPENER,9944, Wepener, Free State",051 583 1436,,Department of Basic Education EMIS,OPEN,Free State,445202905,Public,Public ECD Centre,-29.72044,27.02741
Ratanang Pre-schoo62764l O,Mangaung,"SECTION, , 5023, BOTSHABELO, Mangaung, Free State",072 416 1662,,Department of Basic Education EMIS,OPEN,Free State,445203317,Independent,Independent ECD Centre,-29.27073,26.7313
Re A Gola Pre-school O,Bloemfontein,"DISTRICT 1529,THABA NCHU,BLOEMFONTEIN,9781, Bloemfontein, Free State",011 555 0100,,Department of Basic Education EMIS,OPEN,Free State,445503367,Public,Public ECD Centre,-29.1794,26.8289
Refentse Pre-school O,Bloemfontein,"DISTRICT SECTION 5979,BOTSHABELO,BLOEMFONTEIN,9781, Bloemfontein, Free State",011 555 0100,,Department of Basic Education EMIS,OPEN,Free State,445503368,Public,Public ECD Centre,-29.22188,26.68812
Rehauhetswe Day Care Centre O,Bloemfontein,"Bloemfontein, Free State",011 555 0100,,Department of Basic Education EMIS,OPEN,Free State,445503413,Public,Public ECD Centre,,
Reitumetse Day Care Centre O,Botshabelo,"B, NCHU, NCHU, BOTSHABELO, 1093, Botshabelo, Free State",051 532 3743,,Department of Basic Education EMIS,OPEN,Free State,445202919,Independent,Independent ECD Centre,-29.2774,26.70572
Rethabile Pre Creche O,Mangaung,"SECTION, BOTSHABELO, SECTION U, BOTSHABELO, Mangaung, Free State",072 583 3254,,Department of Basic Education EMIS,OPEN,Free State,445202981,Independent,Independent ECD Centre,-29.26301,26.69367
Retswalepele Kleuterskool O,Free State,"DISTRICT 83,DEWETSDORP,9940, Free State, Free State",051 541 0237,,Department of Basic Education EMIS,OPEN,Free State,445203381,Public,Public ECD Centre,-29.85075,26.67899
Rooikappie Pp/so,Bloemfontein,"BLOEMFONTEIN, Bloemfontein, Free State",051 255 1219,,Department of Basic Education EMIS,OPEN,Free State,445503324,Independent,Independent ECD Centre,,
Rorisang Day Care,Free State,"Free State, Free State",073 634 1080,,Department of Basic Education EMIS,PENDING CLOSE,Free State,445503446,Public,Public ECD Centre,,
Sibongile Pre-school O,Mangaung,"Section, BOTSHABELO, Mangaung, Free State",078 772 2714,,Department of Basic Education EMIS,OPEN,Free State,445503369,Independent,Independent ECD Centre,-29.22,26.7128
Sonskynhoekie Kleuterskool O,Bloemfontein,"DISTRICT STRAAT 21244,HEIDEDAL,9306, Bloemfontein, Free State",051 432 4949,,Department of Basic Education EMIS,OPEN,Free State,445503370,Public,Public ECD Centre,-29.14404,26.24997
St Joseph O,Bloemfontein,"Road, Hilton, Hilton, BLOEMFONTEIN, Bloemfontein, Free State",051 433 3211,,Department of Basic Education EMIS,OPEN,Free State,445503371,Independent,Independent ECD Centre,-29.10347,26.24056
St. Charles Edu Care Centre O,Botshabelo,"SECTION, BOTSHABELO, 2010, BOTSHABELO, Botshabelo, Free State",051 532 0200,,Department of Basic Education EMIS,OPEN,Free State,445203362,Independent,Independent ECD Centre,-29.24744,26.72305
Sunlawns Pp/so,Bloemfontein,"STREET, BLOEMFONTEIN, BLOEMFONTEIN, BLOEMFONTEIN, STREET, Bloemfontein, Free State",051 522 7287,,Department of Basic Education EMIS,OPEN,Free State,445503326,Independent,Independent ECD Centre,,
Sunrise Pre School O,Bloemfontein,"Bloemfontein, Free State",060 444 6693,,Department of Basic Education EMIS,OPEN,Free State,445503372,Independent,Independent ECD Centre,,
Susanna Ollemans Pre-school & Creche O,Mangaung,"DISTRICT STR. OFFICE,BATHO LOCATION,9301, Mangaung, Free State",011 555 0100,,Department of Basic Education EMIS,OPEN,Free State,445503373,Public,Public ECD Centre,-29.13124,26.22713
Thabang Educare Centre,Free State,"Free State, Free State",051 529 0172,,Department of Basic Education EMIS,PENDING CLOSE,Free State,445503448,Public,Public ECD Centre,,
Thabong Day Care Centre O,Mangaung,"DISTRICT OFFICE,SELOSESHA,THABA NCHU,9780, Mangaung, Free State",082 051 1870,,Department of Basic Education EMIS,OPEN,Free State,445503374,Public,Public ECD Centre,-29.19642,26.80641
Thari Ya Tshepe Day Care,Free State,"Free State, Free State",082 374 6239,,Department of Basic Education EMIS,PENDING CLOSE,Free State,445503435,Public,Public ECD Centre,,
Thembalethu Day Care Centre O,Bloemfontein,"Bloemfontein, Free State",011 555 0100,,Department of Basic Education EMIS,OPEN,Free State,445503375,Independent,Independent ECD Centre,-29.17859,26.26233
Thusanang Basotho Creche O,Botshabelo,"Section, Botshabelo, Free State",078 508 6391,,Department of Basic Education EMIS,OPEN,Free State,445503376,Independent,Independent ECD Centre,-29.24492,26.7094
Thusano Educare O,Bloemfontein,"Square, MANGAUNG, MANGAUNG, BLOEMFONTEIN, Bloemfontein, Free State",011 555 0100,,Department of Basic Education EMIS,OPEN,Free State,445503377,Independent,Independent ECD Centre,-29.17875,26.25297
Tiisetso Day Care Centre O,Ladybrand,"DISTRICT STREET 29,HOBHOUSE,974099, Ladybrand, Free State",011 555 0100,,Department of Basic Education EMIS,OPEN,Free State,445503378,Public,Public ECD Centre,-29.5132,27.14896
Tiisetso Pre-school O,Mangaung,"BLOCK, BOTSHABELO, BLOCK, BOTSHABELO, Mangaung, Free State",073 211 6939,,Department of Basic Education EMIS,OPEN,Free State,445202956,Independent,Independent ECD Centre,-29.26494,26.68525
Tinktinkieland PP/S O,Bloemfontein,"DEVENTERSTRAAT 12004,BRANDHOF, Bloemfontein, Free State",051 436 1450,,Department of Basic Education EMIS,OPEN,Free State,445503328,Public,Public ECD Centre,,
Tjokkertjieland PP/S O,Mangaung,"STREET 56, Mangaung, Free State",051 875 1139,,Department of Basic Education EMIS,OPEN,Free State,445503417,Public,Public ECD Centre,,
Tsepong Pre-school O,Botshabelo,"K, , 5813, BOTSHABELO, Botshabelo, Free State",057 534 4717,,Department of Basic Education EMIS,OPEN,Free State,445203358,Independent,Independent ECD Centre,-29.22,26.7128
Tshenolo Child Careo,Bloemfontein,"DISTRICT STR OFFICE,ROCKLANDS,BLOEMFONTEIN,9323, Bloemfontein, Free State",011 555 0100,,Department of Basic Education EMIS,OPEN,Free State,445503379,Public,Public ECD Centre,-29.18985,26.23416
Tshepisong Pre-school O,Mangaung,"Section, Mangaung, Free State",076 558 9924,,Department of Basic Education EMIS,OPEN,Free State,445503380,Independent,Independent ECD Centre,-29.2559,26.69272
Tshepo Day Care Centre,Free State,"Free State, Free State",074 745 9836,,Department of Basic Education EMIS,PENDING CLOSE,Free State,445503437,Public,Public ECD Centre,,
Tshireletsong Pre-school O,Mangaung,"DISTRICT SECTION OFFICE,BOTSHABELO,9781, Mangaung, Free State",072 062 2800,,Department of Basic Education EMIS,OPEN,Free State,445202922,Public,Public ECD Centre,-29.20852,26.73164
Arbor Pre Primary O,Benoni,"STREET, Benoni, Gauteng",011 555 0100,,Department of Basic Education EMIS,OPEN,Gauteng,700310110,Independent,Independent ECD Centre,,
Aston Goosey Educational Centre O,Kempton Park,"STREET, Kempton Park, Gauteng",011 970 2196,,Department of Basic Education EMIS,OPEN,Gauteng,700700309,Independent,Independent ECD Centre,,
Benoni Nursery School O,Benoni,"STR, Benoni, Gauteng",011 849 2111,,Department of Basic Education EMIS,OPEN,Gauteng,700310185,Independent,Independent ECD Centre,,
Blouborsie Kleuter-en Bewaarskool O,Kempton Park,"STREET, Kempton Park, Gauteng",011 976 3500,,Department of Basic Education EMIS,OPEN,Gauteng,700260182,Independent,Independent ECD Centre,,
Bollieland Nursery School O,Ekurhuleni,"STREET, Ekurhuleni, Gauteng",011 972 6619,,Department of Basic Education EMIS,OPEN,Gauteng,700260190,Independent,Independent ECD Centre,,
Bonaero Park Pre Primary School O,Ekurhuleni,"STREET, Ekurhuleni, Gauteng",011 973 3824,,Department of Basic Education EMIS,OPEN,Gauteng,700260034,Independent,Independent ECD Centre,,
Botshele Early Childhood Development Centre O,Tembisa,"SECTION, Tembisa, Gauteng",011 924 1584,,Department of Basic Education EMIS,OPEN,Gauteng,700880005,Independent,Independent ECD Centre,,
Dunvegan Nursery School O,Edenvale,"STREET, Edenvale, Gauteng",011 555 0100,,Department of Basic Education EMIS,OPEN,Gauteng,700160341,Independent,Independent ECD Centre,,
Esther Khumalo Creche Nd Pre School O,Ekurhuleni,"CRESCENT, Ekurhuleni, Gauteng",011 915 8108,,Department of Basic Education EMIS,OPEN,Gauteng,700700963,Independent,Independent ECD Centre,,
Fonteintjie Pre Primary O,Kempton Park,"JORDAAN RD, Kempton Park, Gauteng",011 393 5995,,Department of Basic Education EMIS,OPEN,Gauteng,700260216,Independent,Independent ECD Centre,,
Kleuterskool Bollie (bollie Bewaar En Kleuterskool) O,Benoni,"STREET, Benoni, Gauteng",011 849 2012,,Department of Basic Education EMIS,OPEN,Gauteng,700310409,Independent,Independent ECD Centre,,
Kleuterskool Hansie En Grietjie O,Ekurhuleni,"ROAD, Ekurhuleni, Gauteng",011 828 1719,,Department of Basic Education EMIS,OPEN,Gauteng,700160713,Independent,Independent ECD Centre,,
Little Ones Pre School Ta Stepping Stones O,Kempton Park,"STREET, Kempton Park, Gauteng",011 555 0100,,Department of Basic Education EMIS,OPEN,Gauteng,700261024,Independent,Independent ECD Centre,,
Nancy Mcdowell Pre Primary O,Ekurhuleni,"STREET DAVEYTON DAVEYTON, Ekurhuleni, Gauteng",011 424 1230,,Department of Basic Education EMIS,OPEN,Gauteng,700311761,Independent,Independent ECD Centre,,
Norkem Park Pre Primary O,Kempton Park,"AVE, Kempton Park, Gauteng",011 555 0100,,Department of Basic Education EMIS,OPEN,Gauteng,700260489,Independent,Independent ECD Centre,,
Now Generations Day Care Centre O,Tembisa,"DRIVE, GARDENS, Tembisa, Gauteng",011 025 4307,,Department of Basic Education EMIS,OPEN,Gauteng,700700981,Independent,Independent ECD Centre,,
Osieland O,Germiston,"STREET GERDVIEW, Germiston, Gauteng",011 828 4800,,Department of Basic Education EMIS,OPEN,Gauteng,700700310,Independent,Independent ECD Centre,,
Petra Pre-school O,Edenvale,"ROAD, Edenvale, Gauteng",011 609 3011,,Department of Basic Education EMIS,OPEN,Gauteng,700161133,Independent,Independent ECD Centre,,
Pre Primary Ons Eie O,Benoni,"STR, Benoni, Gauteng",011 849 4411,,Department of Basic Education EMIS,OPEN,Gauteng,700310664,Independent,Independent ECD Centre,,
Rynfield Pre-primary School O,Ekurhuleni,"STREET, Ekurhuleni, Gauteng",011 849 2415,,Department of Basic Education EMIS,OPEN,Gauteng,700310706,Independent,Independent ECD Centre,,
SA Red Cross Nursery School O,Benoni,"Benoni, Gauteng",011 555 0100,,Department of Basic Education EMIS,OPEN,Gauteng,700310722,Independent,Independent ECD Centre,,
Stork's Nest Creche O,Ekurhuleni,"Ekurhuleni, Gauteng",011 970 1066,,Department of Basic Education EMIS,OPEN,Gauteng,700260570,Independent,Independent ECD Centre,,
Thabong Pre Primary O,Ekurhuleni,"Ekurhuleni, Gauteng",011 424 3637,,Department of Basic Education EMIS,OPEN,Gauteng,700311860,Independent,Independent ECD Centre,,
Wielie-walie Creche-cum O,Kempton Park,"STR, Kempton Park, Gauteng",011 970 1281,,Department of Basic Education EMIS,OPEN,Gauteng,700260588,Independent,Independent ECD Centre,,
Abalindi Day Care Center O,Katlehong,"SECTION, Katlehong, Gauteng",011 860 2236,,Department of Basic Education EMIS,OPEN,Gauteng,700700311,Independent,Independent ECD Centre,,
Arise And Shine Early Learning O,Ekurhuleni,"STREET, Ekurhuleni, Gauteng",011 555 0100,,Department of Basic Education EMIS,OPEN,Gauteng,700700149,Independent,Independent ECD Centre,,
Ayanda Pre-school O,Boksburg,"Boksburg, Gauteng",011 901 8383,,Department of Basic Education EMIS,OPEN,Gauteng,700700314,Independent,Independent ECD Centre,,
Babbelbekkies Kleuterskool O,Ekurhuleni,"SPREEUSTRAAT SUNWARD, Ekurhuleni, Gauteng",011 913 2671,,Department of Basic Education EMIS,OPEN,Gauteng,700700316,Independent,Independent ECD Centre,,
Bambanani Early Childhood Development Centre,Ekurhuleni,"Ekurhuleni, Gauteng",011 555 0100,,Department of Basic Education EMIS,PENDING CLOSE,Gauteng,700701120,Public,Public ECD Centre,,
Bambanani Nursery Pre School O,Katlehong,"STREET, Katlehong, Gauteng",083 999 8270,,Department of Basic Education EMIS,OPEN,Gauteng,700700317,Independent,Independent ECD Centre,,
Batlokoa Day Care O,Ekurhuleni,"STREET, Ekurhuleni, Gauteng",011 905 1627,,Department of Basic Education EMIS,OPEN,Gauteng,700700318,Independent,Independent ECD Centre,,
Bennie Boeknurm Nursery School O,Alberton,"STR BRACKENHURST, Alberton, Gauteng",011 867 5751,,Department of Basic Education EMIS,OPEN,Gauteng,700120469,Independent,Independent ECD Centre,,
Boipelo Day Care O,Ekurhuleni,"Ekurhuleni, Gauteng",011 555 0100,,Department of Basic Education EMIS,OPEN,Gauteng,700700856,Independent,Independent ECD Centre,,
Boiphitlhello Ecdr O,Ekurhuleni,"Ekurhuleni, Gauteng",076 855 0254,,Department of Basic Education EMIS,OPEN,Gauteng,700700319,Independent,Independent ECD Centre,,
Boitumelo Day Care Preschool O,Vosloorus,"HLALANE STREET, Vosloorus, Gauteng",011 382 1784,,Department of Basic Education EMIS,OPEN,Gauteng,700700216,Independent,Independent ECD Centre,,
Boitumelo Early Learning Center O,Ekurhuleni,"SECTION, Ekurhuleni, Gauteng",011 905 7389,,Department of Basic Education EMIS,OPEN,Gauteng,700700320,Independent,Independent ECD Centre,,
Bontle Day Care And Pre-school,Ekurhuleni,"Ekurhuleni, Gauteng",011 860 6701,,Department of Basic Education EMIS,PENDING CLOSE,Gauteng,700701092,Public,Public ECD Centre,,
Bontle Daycare $ Pre-school O,Ekurhuleni,"Ekurhuleni, Gauteng",011 555 0100,,Department of Basic Education EMIS,OPEN,Gauteng,700700943,Independent,Independent ECD Centre,,
Break-through Centre O,Katlehong,"STR SECTION, Katlehong, Gauteng",011 909 7485,,Department of Basic Education EMIS,OPEN,Gauteng,700700144,Independent,Independent ECD Centre,,
Bubble & Squeak Nursery School O,Ekurhuleni,"Ekurhuleni, Gauteng",011 555 0100,,Department of Basic Education EMIS,OPEN,Gauteng,700700857,Independent,Independent ECD Centre,,
Candy Brackendowns O,Ekurhuleni,"STR, Ekurhuleni, Gauteng",011 867 3931,,Department of Basic Education EMIS,OPEN,Gauteng,700700262,Independent,Independent ECD Centre,,
Care Bears Day Care And Pre School O,Ekurhuleni,"Ekurhuleni, Gauteng",011 555 0100,,Department of Basic Education EMIS,OPEN,Gauteng,700700858,Independent,Independent ECD Centre,,
Care For One Another Day Care Creche &pre School O,Ekurhuleni,"Ekurhuleni, Gauteng",073 971 5218,,Department of Basic Education EMIS,OPEN,Gauteng,700700322,Independent,Independent ECD Centre,,
Chosen Nation Day Care Center O,Ekurhuleni,"STREET, Ekurhuleni, Gauteng",072 329 8295,,Department of Basic Education EMIS,OPEN,Gauteng,700700323,Independent,Independent ECD Centre,,
Chuckles Nursery School O,Alberton,"STREET, Alberton, Gauteng",011 867 5756,,Department of Basic Education EMIS,OPEN,Gauteng,700341685,Independent,Independent ECD Centre,,
Diepollo Early Learning Centre O,Katlehong,"STREET, Katlehong, Gauteng",011 042 6391,,Department of Basic Education EMIS,OPEN,Gauteng,700899104,Independent,Independent ECD Centre,,
Dinky Dolly Nursery O,Germiston,"STREET, Germiston, Gauteng",011 824 1803,,Department of Basic Education EMIS,OPEN,Gauteng,700899103,Independent,Independent ECD Centre,,
Dot 2 Dot Day Care O,Germiston,"STREET SECTION, Germiston, Gauteng",076 148 5227,,Department of Basic Education EMIS,OPEN,Gauteng,700700121,Independent,Independent ECD Centre,,
Duduzile Day Care,Ekurhuleni,"Ekurhuleni, Gauteng",011 905 4635,,Department of Basic Education EMIS,PENDING CLOSE,Gauteng,700701041,Public,Public ECD Centre,,
Early To Rise Day Care O,Ekurhuleni,"STREET SECTION, Ekurhuleni, Gauteng",011 905 4644,,Department of Basic Education EMIS,OPEN,Gauteng,700700324,Independent,Independent ECD Centre,,
Early World Of Learning Pre-school O,Germiston,"STREET, Germiston, Gauteng",011 906 7716,,Department of Basic Education EMIS,OPEN,Gauteng,700700211,Independent,Independent ECD Centre,,
Eastrand Christian Centre O,Ekurhuleni,"EASTRAND STREET, Ekurhuleni, Gauteng",011 904 4003,,Department of Basic Education EMIS,OPEN,Gauteng,700700325,Independent,Independent ECD Centre,,
Ebeni Ezer Pre School O,Ekurhuleni,"Ekurhuleni, Gauteng",011 555 0100,,Department of Basic Education EMIS,OPEN,Gauteng,700700859,Independent,Independent ECD Centre,,
Ebuhleni Early Learning Centre,Ekurhuleni,"Ekurhuleni, Gauteng",011 555 0100,,Department of Basic Education EMIS,PENDING CLOSE,Gauteng,700700860,Public,Public ECD Centre,,
Edu Build Development O,Boksburg,"STR, Boksburg, Gauteng",011 893 0251,,Department of Basic Education EMIS,OPEN,Gauteng,700899105,Independent,Independent ECD Centre,,
Ekuthokozeni Early Learning Center O,Ekurhuleni,"Ekurhuleni, Gauteng",011 901 0370,,Department of Basic Education EMIS,OPEN,Gauteng,700700861,Independent,Independent ECD Centre,,
Emuseni Day Care And Pre School O,Germiston,"DRIVE, Germiston, Gauteng",011 906 3881,,Department of Basic Education EMIS,OPEN,Gauteng,700700133,Independent,Independent ECD Centre,,
Enjabulweni Day Care O,Ekurhuleni,"Ekurhuleni, Gauteng",011 555 0100,,Department of Basic Education EMIS,OPEN,Gauteng,700700863,Independent,Independent ECD Centre,,
Entokozweni Day Care O,Boksburg,"STREET, Boksburg, Gauteng",072 325 1276,,Department of Basic Education EMIS,OPEN,Gauteng,700700108,Independent,Independent ECD Centre,,
Entokozweni Day Care Centre,Ekurhuleni,"Ekurhuleni, Gauteng",072 574 5746,,Department of Basic Education EMIS,PENDING CLOSE,Gauteng,700701133,Public,Public ECD Centre,,
Entokozweni Pre-learning Centre O,Vosloorus,"STREET, Vosloorus, Gauteng",011 958 1127,,Department of Basic Education EMIS,OPEN,Gauteng,700700104,Independent,Independent ECD Centre,,
Erabsa Day Care O,Ekurhuleni,"STREET, Ekurhuleni, Gauteng",078 260 0042,,Department of Basic Education EMIS,OPEN,Gauteng,700700326,Independent,Independent ECD Centre,,
Eyethu Creche & Pre-school O,Vosloorus,"STREET, Vosloorus, Gauteng",011 555 0100,,Department of Basic Education EMIS,OPEN,Gauteng,700700135,Independent,Independent ECD Centre,,
Fatyela Pre-school O,Ekurhuleni,"Ekurhuleni, Gauteng",011 555 0100,,Department of Basic Education EMIS,OPEN,Gauteng,700700864,Independent,Independent ECD Centre,,
Fiertersatkat Day Care O,Alberton,"STREET, Alberton, Gauteng",011 555 0100,,Department of Basic Education EMIS,OPEN,Gauteng,700700282,Independent,Independent ECD Centre,,
Focas Early Childhood Development Centre O,Ekurhuleni,"Ekurhuleni, Gauteng",011 555 0100,,Department of Basic Education EMIS,OPEN,Gauteng,700700865,Independent,Independent ECD Centre,,
Forest Fantasy Child Development Centre(achieving Kids Development Centre ) O,Ekurhuleni,"Ekurhuleni, Gauteng",011 555 0100,,Department of Basic Education EMIS,OPEN,Gauteng,700700855,Independent,Independent ECD Centre,,
Garfield Educational Center O,Ekurhuleni,"Ekurhuleni, Gauteng",011 555 0100,,Department of Basic Education EMIS,OPEN,Gauteng,700700866,Independent,Independent ECD Centre,,
Geppettokids Pre-school O,Ekurhuleni,"Ekurhuleni, Gauteng",011 555 0100,,Department of Basic Education EMIS,OPEN,Gauteng,700700867,Independent,Independent ECD Centre,,
God Is Love Day Care & Pre-school O,Ekurhuleni,"Ekurhuleni, Gauteng",011 555 0100,,Department of Basic Education EMIS,OPEN,Gauteng,700700868,Independent,Independent ECD Centre,,
Good Example ECD And Pre-school,Ekurhuleni,"Ekurhuleni, Gauteng",011 555 0100,,Department of Basic Education EMIS,PENDING CLOSE,Gauteng,700701100,Public,Public ECD Centre,,
Good Sherperd Day Care O,Ekurhuleni,"SHERPERD, Ekurhuleni, Gauteng",072 150 0835,,Department of Basic Education EMIS,OPEN,Gauteng,700700327,Independent,Independent ECD Centre,,
Good-samaritan Pre-school O,Vosloorus,"STR, Vosloorus, Gauteng",073 135 5173,,Department of Basic Education EMIS,OPEN,Gauteng,700700147,Independent,Independent ECD Centre,,
Guguluyanda Day Care O,Ekurhuleni,"Ekurhuleni, Gauteng",011 555 0100,,Department of Basic Education EMIS,OPEN,Gauteng,700700869,Independent,Independent ECD Centre,,
Happy Angels Pre School O,Ekurhuleni,"Ekurhuleni, Gauteng",011 555 0100,,Department of Basic Education EMIS,OPEN,Gauteng,700700870,Independent,Independent ECD Centre,,
Happy Kids Day Care & Pre-school O,Ekurhuleni,"Ekurhuleni, Gauteng",073 760 6947,,Department of Basic Education EMIS,OPEN,Gauteng,700700328,Independent,Independent ECD Centre,,
Happy Kids Mabuya Day Care O,Ekurhuleni,"STREET, Ekurhuleni, Gauteng",073 407 5483,,Department of Basic Education EMIS,OPEN,Gauteng,700700330,Independent,Independent ECD Centre,,
Happy Valley Day Care And Pre School O,Boksburg,"STREET, Boksburg, Gauteng",011 863 8637,,Department of Basic Education EMIS,OPEN,Gauteng,700700109,Independent,Independent ECD Centre,,
Hope Day Care & Pre School O,Ekurhuleni,"STREET, Ekurhuleni, Gauteng",011 047 0539,,Department of Basic Education EMIS,OPEN,Gauteng,700700116,Independent,Independent ECD Centre,,
Hope Early Childhood Development O,Katlehong,"STREET, Katlehong, Gauteng",011 903 2543,,Department of Basic Education EMIS,OPEN,Gauteng,700700119,Independent,Independent ECD Centre,,
Horizon Pre School & Creche O,Ekurhuleni,"Ekurhuleni, Gauteng",011 555 0100,,Department of Basic Education EMIS,OPEN,Gauteng,700700873,Independent,Independent ECD Centre,,
Ihlumelo Day Care O,Ekurhuleni,"Ekurhuleni, Gauteng",084 560 4443,,Department of Basic Education EMIS,OPEN,Gauteng,700700874,Independent,Independent ECD Centre,,
Ikageng Day Care And Pre-school O,Ekurhuleni,"Ekurhuleni, Gauteng",011 555 0100,,Department of Basic Education EMIS,OPEN,Gauteng,700700875,Independent,Independent ECD Centre,,
Ikhaselihle Day Care O,Ekurhuleni,"Ekurhuleni, Gauteng",083 428 5792,,Department of Basic Education EMIS,OPEN,Gauteng,700700332,Independent,Independent ECD Centre,,
In Futurum Pre Primary And After Care O,Ekurhuleni,"ROAD, Ekurhuleni, Gauteng",011 873 9223,,Department of Basic Education EMIS,OPEN,Gauteng,700700291,Independent,Independent ECD Centre,,
Independent Minds Academy Pre School,Ekurhuleni,"Ekurhuleni, Gauteng",011 555 0100,,Department of Basic Education EMIS,PENDING CLOSE,Gauteng,700701129,Public,Public ECD Centre,,
Informed Kids Care O,Ekurhuleni,"STREET, Ekurhuleni, Gauteng",011 860 6819,,Department of Basic Education EMIS,OPEN,Gauteng,700700421,Independent,Independent ECD Centre,,
Inkululeko Day Care Pre School O,Ekurhuleni,"Ekurhuleni, Gauteng",011 555 0100,,Department of Basic Education EMIS,OPEN,Gauteng,700700877,Independent,Independent ECD Centre,,
Intelligence Day Care,Ekurhuleni,"Ekurhuleni, Gauteng",011 555 0100,,Department of Basic Education EMIS,PENDING CLOSE,Gauteng,700701062,Public,Public ECD Centre,,
Intuthuko Day Care Centre,Ekurhuleni,"Ekurhuleni, Gauteng",011 555 0100,,Department of Basic Education EMIS,PENDING CLOSE,Gauteng,700701039,Public,Public ECD Centre,,
Ipelegeng Day Care O,Ekurhuleni,"STRRET, Ekurhuleni, Gauteng",074 223 0206,,Department of Basic Education EMIS,OPEN,Gauteng,700700335,Independent,Independent ECD Centre,,
Isandla Pre School,Ekurhuleni,"Ekurhuleni, Gauteng",011 555 0100,,Department of Basic Education EMIS,PENDING CLOSE,Gauteng,700700878,Public,Public ECD Centre,,
Isibonelo Pre School O,Ekurhuleni,"ROAD, Ekurhuleni, Gauteng",011 382 0896,,Department of Basic Education EMIS,OPEN,Gauteng,700700117,Independent,Independent ECD Centre,,
Isiqalo Day Care Centre O,Ekurhuleni,"Ekurhuleni, Gauteng",011 555 0100,,Department of Basic Education EMIS,OPEN,Gauteng,700700879,Independent,Independent ECD Centre,,
Ithembalakusasa Pre School & Day Care Center O,Vosloorus,"STR, Vosloorus, Gauteng",011 866 8789,,Department of Basic Education EMIS,OPEN,Gauteng,700888206,Independent,Independent ECD Centre,,
Ithubelihle Day Care Pre School O,Ekurhuleni,"Ekurhuleni, Gauteng",011 863 2447,,Department of Basic Education EMIS,OPEN,Gauteng,700700336,Independent,Independent ECD Centre,,
Itsepeng Day Care O,Ekurhuleni,"Ekurhuleni, Gauteng",011 555 0100,,Department of Basic Education EMIS,OPEN,Gauteng,700700880,Independent,Independent ECD Centre,,
Itumeleng Pre School And Day Care Center O,Ekurhuleni,"Ekurhuleni, Gauteng",011 555 0100,,Department of Basic Education EMIS,OPEN,Gauteng,700700882,Independent,Independent ECD Centre,,
Itumeleng-pre-school & Day Care Centre O,Ekurhuleni,"Ekurhuleni, Gauteng",011 555 0100,,Department of Basic Education EMIS,OPEN,Gauteng,700700881,Independent,Independent ECD Centre,,
Jack And Jill Early Learning Centre O,Germiston,"SECTION, Germiston, Gauteng",011 905 4756,,Department of Basic Education EMIS,OPEN,Gauteng,700899106,Independent,Independent ECD Centre,,
Jerusalem Pre School O,Germiston,"Germiston, Gauteng",011 555 0100,,Department of Basic Education EMIS,OPEN,Gauteng,700880017,Independent,Independent ECD Centre,,
Jmk Kios Academy O,Ekurhuleni,"Ekurhuleni, Gauteng",074 451 2269,,Department of Basic Education EMIS,OPEN,Gauteng,700700883,Independent,Independent ECD Centre,,
Kagiso Day Care & Pre-school O,Boksburg,"STREET, Boksburg, Gauteng",011 863 3822,,Department of Basic Education EMIS,OPEN,Gauteng,700700136,Independent,Independent ECD Centre,,
Kathorus Day Care Centre O,Ekurhuleni,"STREET, Ekurhuleni, Gauteng",011 860 1029,,Department of Basic Education EMIS,OPEN,Gauteng,700700340,Independent,Independent ECD Centre,,
Katlego Edu Care O,Ekurhuleni,"STREET, Ekurhuleni, Gauteng",079 299 0388,,Department of Basic Education EMIS,OPEN,Gauteng,700700337,Independent,Independent ECD Centre,,
Katleho Ke Lerato Day Care & Pre-school O,Ekurhuleni,"Ekurhuleni, Gauteng",011 555 0100,,Department of Basic Education EMIS,OPEN,Gauteng,700700885,Independent,Independent ECD Centre,,
Keitumetse Mohaung O,Ekurhuleni,"Ekurhuleni, Gauteng",011 555 0100,,Department of Basic Education EMIS,OPEN,Gauteng,700700886,Independent,Independent ECD Centre,,
Ketumile Learning Center O,Ekurhuleni,"Ekurhuleni, Gauteng",081 797 7532,,Department of Basic Education EMIS,OPEN,Gauteng,700700887,Independent,Independent ECD Centre,,
Khulisa Pre School O,Vosloorus,"STREET, Vosloorus, Gauteng",011 555 0100,,Department of Basic Education EMIS,OPEN,Gauteng,700700111,Independent,Independent ECD Centre,,
Khwezi Early Childhood Development Centre,Ekurhuleni,"Ekurhuleni, Gauteng",073 535 7020,,Department of Basic Education EMIS,PENDING CLOSE,Gauteng,700701116,Public,Public ECD Centre,,
Kiddies Corner Day Center O,Ekurhuleni,"Ekurhuleni, Gauteng",011 555 0100,,Department of Basic Education EMIS,OPEN,Gauteng,700700888,Independent,Independent ECD Centre,,
Kiddies Home Pre School O,Ekurhuleni,"Ekurhuleni, Gauteng",082 513 1961,,Department of Basic Education EMIS,OPEN,Gauteng,700700339,Independent,Independent ECD Centre,,
Kids For Life Day Care O,Ekurhuleni,"Ekurhuleni, Gauteng",011 555 0100,,Department of Basic Education EMIS,OPEN,Gauteng,700700889,Independent,Independent ECD Centre,,
Knowledge For The Young O,Ekurhuleni,"STR SECTION, Ekurhuleni, Gauteng",011 555 0100,,Department of Basic Education EMIS,OPEN,Gauteng,700700128,Independent,Independent ECD Centre,,
Knowledge Is Power Day Care & Pre-school O,Vosloorus,"STREET, Vosloorus, Gauteng",011 866 7181,,Department of Basic Education EMIS,OPEN,Gauteng,700700112,Independent,Independent ECD Centre,,
Lebohang Day Care,Ekurhuleni,"Ekurhuleni, Gauteng",011 555 0100,,Department of Basic Education EMIS,PENDING CLOSE,Gauteng,700701119,Public,Public ECD Centre,,
Lebone Day Care O,Ekurhuleni,"Ekurhuleni, Gauteng",011 555 0100,,Department of Basic Education EMIS,OPEN,Gauteng,700700891,Independent,Independent ECD Centre,,
Legae Labana Thuto Educare Center O,Ekurhuleni,"STREET, Ekurhuleni, Gauteng",072 601 8941,,Department of Basic Education EMIS,OPEN,Gauteng,700700118,Independent,Independent ECD Centre,,
Lehae La Bana Creche O,Ekurhuleni,"Ekurhuleni, Gauteng",011 555 0100,,Department of Basic Education EMIS,OPEN,Gauteng,700700892,Independent,Independent ECD Centre,,
Lerato Day Care &pre School,Ekurhuleni,"Ekurhuleni, Gauteng",011 555 0100,,Department of Basic Education EMIS,PENDING CLOSE,Gauteng,700700893,Public,Public ECD Centre,,
Lerato Daycare & Pre-school O,Germiston,"Germiston, Gauteng",083 619 4474,,Department of Basic Education EMIS,OPEN,Gauteng,700700126,Independent,Independent ECD Centre,,
Leratong Day Care O,Boksburg,"Boksburg, Gauteng",011 382 2673,,Department of Basic Education EMIS,OPEN,Gauteng,700700343,Independent,Independent ECD Centre,,
Leseding-khanya Early Learning Centre O,Germiston,"Germiston, Gauteng",011 905 5903,,Department of Basic Education EMIS,OPEN,Gauteng,700341792,Independent,Independent ECD Centre,,
Lethabong Day Care Centre O,Ekurhuleni,"Ekurhuleni, Gauteng",011 555 0100,,Department of Basic Education EMIS,OPEN,Gauteng,700700894,Independent,Independent ECD Centre,,
Lethabong Pre School O,Ekurhuleni,"Ekurhuleni, Gauteng",011 555 0100,,Department of Basic Education EMIS,OPEN,Gauteng,700700895,Independent,Independent ECD Centre,,
Lethithemba Educare Home Base Care O,Vosloorus,"STR, Vosloorus, Gauteng",076 628 8410,,Department of Basic Education EMIS,OPEN,Gauteng,700700549,Independent,Independent ECD Centre,,
Linduwaliziluhle Pre School O,Germiston,"STREET, Germiston, Gauteng",011 903 2368,,Department of Basic Education EMIS,OPEN,Gauteng,700700565,Independent,Independent ECD Centre,,
Little Angel Spre Nursery School O,Ekurhuleni,"STRYDOM ROAD, Ekurhuleni, Gauteng",011 864 3014,,Department of Basic Education EMIS,OPEN,Gauteng,700700110,Independent,Independent ECD Centre,,
Little Angels Nursery School O,Alberton,"Alberton, Gauteng",011 864 3011,,Department of Basic Education EMIS,OPEN,Gauteng,700700139,Independent,Independent ECD Centre,,
Little Angels Pre-school 13 Magagula Heights Kthg,Ekurhuleni,"Ekurhuleni, Gauteng",011 555 0100,,Department of Basic Education EMIS,PENDING CLOSE,Gauteng,700888146,Public,Public ECD Centre,,
Little Beautiful Beginners Day Care Pre School O,Ekurhuleni,"Ekurhuleni, Gauteng",011 555 0100,,Department of Basic Education EMIS,OPEN,Gauteng,700700896,Independent,Independent ECD Centre,,
Little Duck Tails O,Ekurhuleni,"Ekurhuleni, Gauteng",073 766 8613,,Department of Basic Education EMIS,OPEN,Gauteng,700700345,Independent,Independent ECD Centre,,
Little Ones Gift Day Care O,Ekurhuleni,"Ekurhuleni, Gauteng",011 909 6374,,Department of Basic Education EMIS,OPEN,Gauteng,700700897,Independent,Independent ECD Centre,,
Little Stars Day Care Pre School O,Katlehong,"STREET, Katlehong, Gauteng",011 903 0796,,Department of Basic Education EMIS,OPEN,Gauteng,700700140,Independent,Independent ECD Centre,,
Littleporcupine And Friends O,Germiston,"Germiston, Gauteng",011 555 0100,,Department of Basic Education EMIS,OPEN,Gauteng,700700621,Independent,Independent ECD Centre,,
Love And Joy Day Care And Pre School O,Germiston,"Germiston, Gauteng",011 863 9473,,Department of Basic Education EMIS,OPEN,Gauteng,700700145,Independent,Independent ECD Centre,,
Lwandile Day Care & Pre-school O,Ekurhuleni,"STREET SECTION, Ekurhuleni, Gauteng",011 555 0100,,Department of Basic Education EMIS,OPEN,Gauteng,700700122,Independent,Independent ECD Centre,,
Malibongwe Day Care And Pre School O,Ekurhuleni,"Ekurhuleni, Gauteng",072 126 2327,,Department of Basic Education EMIS,OPEN,Gauteng,700700898,Independent,Independent ECD Centre,,
Mamello Day Care Center O,Ekurhuleni,"Ekurhuleni, Gauteng",083 542 7081,,Department of Basic Education EMIS,OPEN,Gauteng,700700346,Independent,Independent ECD Centre,,
Maranatha Day Care O,Ekurhuleni,"Ekurhuleni, Gauteng",011 555 0100,,Department of Basic Education EMIS,OPEN,Gauteng,700700899,Independent,Independent ECD Centre,,
Masiphathisane Day Care Centre O,Katlehong,"AVENUE, Katlehong, Gauteng",011 056 4733,,Department of Basic Education EMIS,OPEN,Gauteng,700700129,Independent,Independent ECD Centre,,
Matsoga Thebane Day Care O,Vosloorus,"STREET, Vosloorus, Gauteng",011 555 0100,,Department of Basic Education EMIS,OPEN,Gauteng,700700114,Independent,Independent ECD Centre,,
Mbalenhle Day Care And Pre-school,Ekurhuleni,"Ekurhuleni, Gauteng",083 597 9883,,Department of Basic Education EMIS,PENDING CLOSE,Gauteng,700700142,Public,Public ECD Centre,,
Mfundo Care & Pre School O,Ekurhuleni,"STREET, Ekurhuleni, Gauteng",011 555 0100,,Department of Basic Education EMIS,OPEN,Gauteng,700700127,Independent,Independent ECD Centre,,
Milly Day Careo,Ekurhuleni,"Ekurhuleni, Gauteng",011 555 0100,,Department of Basic Education EMIS,OPEN,Gauteng,700700901,Independent,Independent ECD Centre,,
Mini Minds Day Care And Pre School O,Ekurhuleni,"Ekurhuleni, Gauteng",011 555 0100,,Department of Basic Education EMIS,OPEN,Gauteng,700700348,Independent,Independent ECD Centre,,
Moemedi Pre-school O,Alberton,"STREET, Alberton, Gauteng",073 065 9465,,Department of Basic Education EMIS,OPEN,Gauteng,700888120,Independent,Independent ECD Centre,,
Motheo Pre-primary Education Centre O,Ekurhuleni,"STR DAVEYTON, Ekurhuleni, Gauteng",011 246 3442,,Department of Basic Education EMIS,OPEN,Gauteng,700899928,Independent,Independent ECD Centre,,
Mothergoose Day Care Center O,Germiston,"STR, Germiston, Gauteng",011 873 3155,,Department of Basic Education EMIS,OPEN,Gauteng,700888161,Independent,Independent ECD Centre,,
Motshepuwa Day Care & Pre-school O,Ekurhuleni,"Ekurhuleni, Gauteng",011 555 0100,,Department of Basic Education EMIS,OPEN,Gauteng,700700902,Independent,Independent ECD Centre,,
Mpumelelo Day Care & Preschool O,Ekurhuleni,"Ekurhuleni, Gauteng",011 555 0100,,Department of Basic Education EMIS,OPEN,Gauteng,700700947,Independent,Independent ECD Centre,,
Mpumelelo Phambili Educare Centre O,Boksburg,"STREET, Boksburg, Gauteng",011 382 1034,,Department of Basic Education EMIS,OPEN,Gauteng,700700152,Independent,Independent ECD Centre,,
Mpumelelolo Day Care O,Ekurhuleni,"STREET, Ekurhuleni, Gauteng",011 555 0100,,Department of Basic Education EMIS,OPEN,Gauteng,700888158,Independent,Independent ECD Centre,,
My Future Begins O,Ekurhuleni,"Ekurhuleni, Gauteng",011 555 0100,,Department of Basic Education EMIS,OPEN,Gauteng,700700903,Independent,Independent ECD Centre,,
My Hope Day Care Centre O,Ekurhuleni,"STREET, Ekurhuleni, Gauteng",011 555 0100,,Department of Basic Education EMIS,OPEN,Gauteng,700880007,Independent,Independent ECD Centre,,
Nbsa Day Care And Pre School O,Ekurhuleni,"STREET, Ekurhuleni, Gauteng",073 448 0368,,Department of Basic Education EMIS,OPEN,Gauteng,700700350,Independent,Independent ECD Centre,,
Nceduluntu Crech And Pre School O,Ekurhuleni,"Ekurhuleni, Gauteng",076 639 5423,,Department of Basic Education EMIS,OPEN,Gauteng,700700352,Independent,Independent ECD Centre,,
New Hope Early Learning Center,Ekurhuleni,"Ekurhuleni, Gauteng",011 555 0100,,Department of Basic Education EMIS,PENDING CLOSE,Gauteng,700701034,Public,Public ECD Centre,,
Noah's Ark Nursery School O,Ekurhuleni,"STREET, Ekurhuleni, Gauteng",082 628 6775,,Department of Basic Education EMIS,OPEN,Gauteng,700700353,Independent,Independent ECD Centre,,
Noncedo Day Care Center O,Ekurhuleni,"STR, Ekurhuleni, Gauteng",011 893 0251,,Department of Basic Education EMIS,OPEN,Gauteng,700888034,Independent,Independent ECD Centre,,
Ntantaise Day Care,Ekurhuleni,"Ekurhuleni, Gauteng",011 555 0100,,Department of Basic Education EMIS,PENDING CLOSE,Gauteng,700701123,Public,Public ECD Centre,,
Nup Tuk Day Centre,Ekurhuleni,"Ekurhuleni, Gauteng",011 555 0100,,Department of Basic Education EMIS,PENDING CLOSE,Gauteng,700700954,Public,Public ECD Centre,,
Olethu Day Care Pre School O,Ekurhuleni,"Ekurhuleni, Gauteng",072 232 3723,,Department of Basic Education EMIS,OPEN,Gauteng,700700355,Independent,Independent ECD Centre,,
Palesa Edu-care Centre O,Germiston,"Germiston, Gauteng",084 897 3885,,Department of Basic Education EMIS,OPEN,Gauteng,700700356,Independent,Independent ECD Centre,,
Paradise Pre-school And Day Care Centre O,Ekurhuleni,"Ekurhuleni, Gauteng",011 555 0100,,Department of Basic Education EMIS,OPEN,Gauteng,700700906,Independent,Independent ECD Centre,,
Pelonomi Pre-cum Creche O,Ekurhuleni,"STREET, Ekurhuleni, Gauteng",011 555 0100,,Department of Basic Education EMIS,OPEN,Gauteng,700700357,Independent,Independent ECD Centre,,
Pen Haslam Pre -school O,Germiston,"AVENUE, Germiston, Gauteng",011 827 6402,,Department of Basic Education EMIS,OPEN,Gauteng,700161117,Independent,Independent ECD Centre,,
Perseverance Day Care O,Ekurhuleni,"DRIVE, Ekurhuleni, Gauteng",071 497 7782,,Department of Basic Education EMIS,OPEN,Gauteng,700700358,Independent,Independent ECD Centre,,
Petuniamoon Pre-school O,Boksburg,"STREET, Boksburg, Gauteng",011 863 9323,,Department of Basic Education EMIS,OPEN,Gauteng,700880009,Independent,Independent ECD Centre,,
Phakamani Day Care And Pre-school O,Ekurhuleni,"Ekurhuleni, Gauteng",011 555 0100,,Department of Basic Education EMIS,OPEN,Gauteng,700700908,Independent,Independent ECD Centre,,
Phumelele Day Care O,Ekurhuleni,"Ekurhuleni, Gauteng",011 555 0100,,Department of Basic Education EMIS,OPEN,Gauteng,700700910,Independent,Independent ECD Centre,,
Phumulani Pre School O,Katlehong,"Katlehong, Gauteng",011 555 0100,,Department of Basic Education EMIS,OPEN,Gauteng,700700628,Independent,Independent ECD Centre,,
Phumzile Creche Pre-school O,Ekurhuleni,"Ekurhuleni, Gauteng",011 903 0343,,Department of Basic Education EMIS,OPEN,Gauteng,700700911,Independent,Independent ECD Centre,,
Phuthasechaba Pre-school And Day Care Centre O,Boksburg,"STREET, Boksburg, Gauteng",011 039 1523,,Department of Basic Education EMIS,OPEN,Gauteng,700890052,Independent,Independent ECD Centre,,
Pre-primary School Kabouterland O,Alberton,"STREET GARDENS, Alberton, Gauteng",011 867 5896,,Department of Basic Education EMIS,OPEN,Gauteng,700161257,Independent,Independent ECD Centre,,
Pre-primere Skool Elsburg O,Germiston,"Germiston, Gauteng",011 555 0100,,Department of Basic Education EMIS,OPEN,Gauteng,700161232,Independent,Independent ECD Centre,,
Pride Pre School And Nursery,Ekurhuleni,"Ekurhuleni, Gauteng",011 555 0100,,Department of Basic Education EMIS,PENDING CLOSE,Gauteng,700701125,Public,Public ECD Centre,,
Progress Educare Centre O,Boksburg,"Boksburg, Gauteng",083 218 3224,,Department of Basic Education EMIS,OPEN,Gauteng,700700359,Independent,Independent ECD Centre,,
Progress Playgroup O,Germiston,"STREET MOLELEKI, Germiston, Gauteng",011 070 7624,,Department of Basic Education EMIS,OPEN,Gauteng,700888076,Independent,Independent ECD Centre,,
Ratanang Day Care Center O,Ekurhuleni,"Ekurhuleni, Gauteng",072 261 2446,,Department of Basic Education EMIS,OPEN,Gauteng,700700360,Independent,Independent ECD Centre,,
Rebone Day Care & Pre-school O,Ekurhuleni,"Ekurhuleni, Gauteng",011 555 0100,,Department of Basic Education EMIS,OPEN,Gauteng,700700913,Independent,Independent ECD Centre,,
Refiloe Day Care O,Ekurhuleni,"Ekurhuleni, Gauteng",011 555 0100,,Department of Basic Education EMIS,OPEN,Gauteng,700700914,Independent,Independent ECD Centre,,
Reigerpark Earlychildhood And Women Development O,Boksburg,"STR, Boksburg, Gauteng",011 910 1660,,Department of Basic Education EMIS,OPEN,Gauteng,700899107,Independent,Independent ECD Centre,,
Rethabile Edu Care Center O,Ekurhuleni,"Ekurhuleni, Gauteng",073 112 2267,,Department of Basic Education EMIS,OPEN,Gauteng,700700915,Independent,Independent ECD Centre,,
Retswelapele Pre-school,Ekurhuleni,"Ekurhuleni, Gauteng",011 906 3337,,Department of Basic Education EMIS,PENDING CLOSE,Gauteng,700701132,Public,Public ECD Centre,,
Rosemarie Nursery School O,Alberton,"STREET, Alberton, Gauteng",011 867 5701,,Department of Basic Education EMIS,OPEN,Gauteng,700340356,Independent,Independent ECD Centre,,
Saints Of Service Care O,Ekurhuleni,"Ekurhuleni, Gauteng",011 555 0100,,Department of Basic Education EMIS,OPEN,Gauteng,700700916,Independent,Independent ECD Centre,,
Sakhile Day Care O,Ekurhuleni,"Ekurhuleni, Gauteng",011 555 0100,,Department of Basic Education EMIS,OPEN,Gauteng,700700917,Independent,Independent ECD Centre,,
Samkelo Day Care & Pre-school O,Ekurhuleni,"Ekurhuleni, Gauteng",011 555 0100,,Department of Basic Education EMIS,OPEN,Gauteng,700700919,Independent,Independent ECD Centre,,
Sebabatso Day Care O,Ekurhuleni,"Ekurhuleni, Gauteng",011 555 0100,,Department of Basic Education EMIS,OPEN,Gauteng,700700921,Independent,Independent ECD Centre,,
Sejabulile Day Care & Pre-school,Ekurhuleni,"Ekurhuleni, Gauteng",011 555 0100,,Department of Basic Education EMIS,PENDING CLOSE,Gauteng,700701030,Public,Public ECD Centre,,
Sinethemba Day Care & Pre-school O,Ekurhuleni,"Ekurhuleni, Gauteng",011 905 3766,,Department of Basic Education EMIS,OPEN,Gauteng,700700366,Independent,Independent ECD Centre,,
Sinethemba Daycare & Pre-school O,Ekurhuleni,"Ekurhuleni, Gauteng",073 788 5211,,Department of Basic Education EMIS,OPEN,Gauteng,700700367,Independent,Independent ECD Centre,,
Siphamandla Day Care O,Ekurhuleni,"Ekurhuleni, Gauteng",083 338 3616,,Department of Basic Education EMIS,OPEN,Gauteng,700700369,Independent,Independent ECD Centre,,
Siphuxolo Day Care O,Ekurhuleni,"Ekurhuleni, Gauteng",078 548 2897,,Department of Basic Education EMIS,OPEN,Gauteng,700700368,Independent,Independent ECD Centre,,
Siyakhula Day Care And Pre School O,Ekurhuleni,"Ekurhuleni, Gauteng",011 555 0100,,Department of Basic Education EMIS,OPEN,Gauteng,700700923,Independent,Independent ECD Centre,,
Siyakhula Early Learning Centre,Ekurhuleni,"Ekurhuleni, Gauteng",011 555 0100,,Department of Basic Education EMIS,PENDING CLOSE,Gauteng,700701127,Public,Public ECD Centre,,
Siyaqhubeka Day Care,Ekurhuleni,"Ekurhuleni, Gauteng",011 555 0100,,Department of Basic Education EMIS,PENDING CLOSE,Gauteng,700701063,Public,Public ECD Centre,,
Slindile Day Care And Pre School,Ekurhuleni,"Ekurhuleni, Gauteng",011 555 0100,,Department of Basic Education EMIS,PENDING CLOSE,Gauteng,700701128,Public,Public ECD Centre,,
Sofunda Creche O,Ekurhuleni,"STREET, Ekurhuleni, Gauteng",011 862 4550,,Department of Basic Education EMIS,OPEN,Gauteng,700700146,Independent,Independent ECD Centre,,
South African Day O,Ekurhuleni,"Ekurhuleni, Gauteng",071 126 1398,,Department of Basic Education EMIS,OPEN,Gauteng,700700924,Independent,Independent ECD Centre,,
Step By Step Pre School,Ekurhuleni,"Ekurhuleni, Gauteng",011 555 0100,,Department of Basic Education EMIS,PENDING CLOSE,Gauteng,700701124,Public,Public ECD Centre,,
Sunrise Early Learning Centre O,Ekurhuleni,"STREET, Ekurhuleni, Gauteng",011 862 2980,,Department of Basic Education EMIS,OPEN,Gauteng,700700370,Independent,Independent ECD Centre,,
Sunshine Day Care And Pre-school,Ekurhuleni,"Ekurhuleni, Gauteng",011 555 0100,,Department of Basic Education EMIS,PENDING CLOSE,Gauteng,700701122,Public,Public ECD Centre,,
Sunshine Day Care Centre O,Germiston,"STREET, Germiston, Gauteng",011 909 8580,,Department of Basic Education EMIS,OPEN,Gauteng,700700107,Independent,Independent ECD Centre,,
Sunshine Day Care Centre O,Ekurhuleni,"Ekurhuleni, Gauteng",011 555 0100,,Department of Basic Education EMIS,OPEN,Gauteng,700700925,Independent,Independent ECD Centre,,
Sweet Bambino Day Care,Ekurhuleni,"Ekurhuleni, Gauteng",011 555 0100,,Department of Basic Education EMIS,PENDING CLOSE,Gauteng,700701042,Public,Public ECD Centre,,
Takalani Day Care&pre School O,Ekurhuleni,"Ekurhuleni, Gauteng",011 555 0100,,Department of Basic Education EMIS,OPEN,Gauteng,700700926,Independent,Independent ECD Centre,,
Teddybear Day Care And Pre-school O,Germiston,"Germiston, Gauteng",083 571 4894,,Department of Basic Education EMIS,OPEN,Gauteng,700700132,Independent,Independent ECD Centre,,
Thabang Day Care,Ekurhuleni,"Ekurhuleni, Gauteng",011 555 0100,,Department of Basic Education EMIS,PENDING CLOSE,Gauteng,700701121,Public,Public ECD Centre,,
Thabang Day Care & Pre-school O,Ekurhuleni,"Ekurhuleni, Gauteng",011 555 0100,,Department of Basic Education EMIS,OPEN,Gauteng,700700927,Independent,Independent ECD Centre,,
Thando Day Care O,Ekurhuleni,"Ekurhuleni, Gauteng",078 182 2026,,Department of Basic Education EMIS,OPEN,Gauteng,700899109,Independent,Independent ECD Centre,,
The Child Montessori Nursery School O,Ekurhuleni,"Ekurhuleni, Gauteng",011 864 1121,,Department of Basic Education EMIS,OPEN,Gauteng,700341719,Independent,Independent ECD Centre,,
The Chosen Day Care & Pre-school O,Germiston,"Germiston, Gauteng",078 049 8331,,Department of Basic Education EMIS,OPEN,Gauteng,700700372,Independent,Independent ECD Centre,,
The Dawn Day Care Centre,Ekurhuleni,"Ekurhuleni, Gauteng",071 508 2047,,Department of Basic Education EMIS,PENDING CLOSE,Gauteng,700701126,Public,Public ECD Centre,,
The Green Pastures Pre School Day Care Crech O,Ekurhuleni,"Ekurhuleni, Gauteng",011 555 0100,,Department of Basic Education EMIS,OPEN,Gauteng,700700928,Independent,Independent ECD Centre,,
Thembalethu Day Care And Pre-school,Ekurhuleni,"Ekurhuleni, Gauteng",061 241 8263,,Department of Basic Education EMIS,PENDING CLOSE,Gauteng,700701099,Public,Public ECD Centre,,
Thembelihle Day Care O,Germiston,"STREET, Germiston, Gauteng",076 915 0768,,Department of Basic Education EMIS,OPEN,Gauteng,700700659,Independent,Independent ECD Centre,,
Thembelisha Day Care & Pres Chool O,Ekurhuleni,"Ekurhuleni, Gauteng",011 555 0100,,Department of Basic Education EMIS,OPEN,Gauteng,700700929,Independent,Independent ECD Centre,,
Thembilihle Day Care O,Boksburg,"Boksburg, Gauteng",011 905 9667,,Department of Basic Education EMIS,OPEN,Gauteng,700162108,Independent,Independent ECD Centre,,
Thembi's Pre & Day Care O,Ekurhuleni,"GARDENS, Ekurhuleni, Gauteng",083 218 6211,,Department of Basic Education EMIS,OPEN,Gauteng,700700375,Independent,Independent ECD Centre,,
Themeli Day And Pre School O,Ekurhuleni,"Ekurhuleni, Gauteng",011 555 0100,,Department of Basic Education EMIS,OPEN,Gauteng,700700930,Independent,Independent ECD Centre,,
Thob-jane Pre-school O,Germiston,"STREET, Germiston, Gauteng",074 408 9280,,Department of Basic Education EMIS,OPEN,Gauteng,700880012,Independent,Independent ECD Centre,,
Thusanang Day Cre Center O,Ekurhuleni,"Ekurhuleni, Gauteng",011 555 0100,,Department of Basic Education EMIS,OPEN,Gauteng,700700931,Independent,Independent ECD Centre,,
Thusanang Nursery Pre-school O,Ekurhuleni,"Ekurhuleni, Gauteng",011 555 0100,,Department of Basic Education EMIS,OPEN,Gauteng,700700932,Independent,Independent ECD Centre,,
Thuto Ke Bohlale,Ekurhuleni,"Ekurhuleni, Gauteng",012 345 6787,,Department of Basic Education EMIS,OPEN,Gauteng,700700380,Independent,Independent ECD Centre,,
Thuto Ke Bophelo Day Care O,Ekurhuleni,"Ekurhuleni, Gauteng",011 827 7589,,Department of Basic Education EMIS,OPEN,Gauteng,700700381,Independent,Independent ECD Centre,,
Thuto Ke Lesedi Early Learning Center O,Germiston,"STREET GARDENS, Germiston, Gauteng",011 905 1180,,Department of Basic Education EMIS,OPEN,Gauteng,700880013,Independent,Independent ECD Centre,,
Tic Toc Nursery School O,Germiston,"AVENUE, Germiston, Gauteng",011 827 7589,,Department of Basic Education EMIS,OPEN,Gauteng,700161562,Independent,Independent ECD Centre,,
Tinkerbell Day Care O,Ekurhuleni,"Ekurhuleni, Gauteng",011 555 0100,,Department of Basic Education EMIS,OPEN,Gauteng,700700933,Independent,Independent ECD Centre,,
Together As One Daycare And Pre School O,Ekurhuleni,"Ekurhuleni, Gauteng",076 023 7589,,Department of Basic Education EMIS,OPEN,Gauteng,700700934,Independent,Independent ECD Centre,,
Tricia Nursery School O,Katlehong,"STR, Katlehong, Gauteng",072 901 8939,,Department of Basic Education EMIS,OPEN,Gauteng,700888216,Independent,Independent ECD Centre,,
Trueway Pre-school,Ekurhuleni,"Ekurhuleni, Gauteng",011 385 7100,,Department of Basic Education EMIS,PENDING CLOSE,Gauteng,700701134,Public,Public ECD Centre,,
Tshepo Themba Day Care O,Vosloorus,"STR P-18, Vosloorus, Gauteng",079 476 4057,,Department of Basic Education EMIS,OPEN,Gauteng,700700138,Independent,Independent ECD Centre,,
Tshepo Tumeleng Day Care O,Ekurhuleni,"Ekurhuleni, Gauteng",011 555 0100,,Department of Basic Education EMIS,OPEN,Gauteng,700700935,Independent,Independent ECD Centre,,
Tswelopele Pre School O,Germiston,"Germiston, Gauteng",084 801 5417,,Department of Basic Education EMIS,OPEN,Gauteng,700880018,Independent,Independent ECD Centre,,
Twins Day Careo,Ekurhuleni,"Ekurhuleni, Gauteng",083 573 6399,,Department of Basic Education EMIS,OPEN,Gauteng,700700379,Independent,Independent ECD Centre,,
Umzamo Day Care Center O,Alberton,"STREET, Alberton, Gauteng",011 555 0100,,Department of Basic Education EMIS,OPEN,Gauteng,700700665,Independent,Independent ECD Centre,,
Uthando Lwami Day Care Pre School O,Ekurhuleni,"Ekurhuleni, Gauteng",011 555 0100,,Department of Basic Education EMIS,OPEN,Gauteng,700700936,Independent,Independent ECD Centre,,
Uvile Kids Academy O,Katlehong,"STREET SECTION, Katlehong, Gauteng",011 903 3224,,Department of Basic Education EMIS,OPEN,Gauteng,700700141,Independent,Independent ECD Centre,,
Velanawe Tre-school O,Ekurhuleni,"Ekurhuleni, Gauteng",011 905 9258,,Department of Basic Education EMIS,OPEN,Gauteng,700700387,Independent,Independent ECD Centre,,
Vulindlela Daycare Preschool O,Germiston,"STREET, Germiston, Gauteng",011 860 6155,,Department of Basic Education EMIS,OPEN,Gauteng,700700154,Independent,Independent ECD Centre,,
Vuyani Care Center O,Ekurhuleni,"STR, Ekurhuleni, Gauteng",082 952 5329,,Department of Basic Education EMIS,OPEN,Gauteng,700700155,Independent,Independent ECD Centre,,
Vuyolethupre School O,Germiston,"SECTION, Germiston, Gauteng",011 039 3125,,Department of Basic Education EMIS,OPEN,Gauteng,700700389,Independent,Independent ECD Centre,,
Zakhele Day Care,Ekurhuleni,"Ekurhuleni, Gauteng",082 550 1676,,Department of Basic Education EMIS,OPEN,Gauteng,700700937,Independent,Independent ECD Centre,,
Zimeleni Pre-school O,Vosloorus,"DRIVE, Vosloorus, Gauteng",011 555 0100,,Department of Basic Education EMIS,OPEN,Gauteng,700880014,Independent,Independent ECD Centre,,
Zizameleni Itekeleng Pre-cum O,Ekurhuleni,"Ekurhuleni, Gauteng",011 555 0100,,Department of Basic Education EMIS,OPEN,Gauteng,700700393,Independent,Independent ECD Centre,,
Zozo Day Care,Ekurhuleni,"Ekurhuleni, Gauteng",011 555 0100,,Department of Basic Education EMIS,PENDING CLOSE,Gauteng,700701135,Public,Public ECD Centre,,
Akwande Day Care O,Ekurhuleni,"Ekurhuleni, Gauteng",011 555 0100,,Department of Basic Education EMIS,OPEN,Gauteng,700700948,Independent,Independent ECD Centre,,
Aljander Pre-primary O,Springs,"STREET, Springs, Gauteng",011 555 0100,,Department of Basic Education EMIS,OPEN,Gauteng,700700394,Independent,Independent ECD Centre,,
Alra Park Pre School O,Ekurhuleni,"Ekurhuleni, Gauteng",011 555 0100,,Department of Basic Education EMIS,OPEN,Gauteng,700700230,Independent,Independent ECD Centre,,
Bambanani Pre School And Day Care Center O,Ekurhuleni,"Ekurhuleni, Gauteng",011 555 0100,,Department of Basic Education EMIS,OPEN,Gauteng,700700231,Independent,Independent ECD Centre,,
Bokamoso Daycare O,Benoni,"STR DAVEYTON, Benoni, Gauteng",011 555 0100,,Department of Basic Education EMIS,OPEN,Gauteng,700700258,Independent,Independent ECD Centre,,
Born To Read Day Care And Pre School O,Ekurhuleni,"Ekurhuleni, Gauteng",011 555 0100,,Department of Basic Education EMIS,OPEN,Gauteng,700700232,Independent,Independent ECD Centre,,
Bouncing Bubblers Dalview O,Brakpan,"Brakpan, Gauteng",011 744 0904,,Department of Basic Education EMIS,OPEN,Gauteng,700700407,Independent,Independent ECD Centre,,
Bouncing Bubbles Kenleaf O,Brakpan,"ROAD, Brakpan, Gauteng",011 555 0100,,Department of Basic Education EMIS,OPEN,Gauteng,700700408,Independent,Independent ECD Centre,,
Brakanjan Nursery School O,Brakpan,"STREET, Brakpan, Gauteng",011 744 3872,,Department of Basic Education EMIS,OPEN,Gauteng,700700159,Independent,Independent ECD Centre,,
Buhlebuyeza Edu Care & Pre School O,Benoni,"STREET DAVEYTON, Benoni, Gauteng",011 555 0100,,Department of Basic Education EMIS,OPEN,Gauteng,700700956,Independent,Independent ECD Centre,,
Chapole Day Care Center O,Springs,"CRESCENT, Springs, Gauteng",011 555 0100,,Department of Basic Education EMIS,OPEN,Gauteng,700700852,Independent,Independent ECD Centre,,
Childrens Rightday Care And Pre School O,Springs,"STREET DAVEYTON, Springs, Gauteng",074 680 6982,,Department of Basic Education EMIS,OPEN,Gauteng,700700233,Independent,Independent ECD Centre,,
Daphney Masuku (trinitiyecd) O,Benoni,"STR, Benoni, Gauteng",011 555 0100,,Department of Basic Education EMIS,OPEN,Gauteng,700700274,Independent,Independent ECD Centre,,
Daveyton Intuthuko Parents Association O,Benoni,"DAVEYTON STREET, Benoni, Gauteng",011 555 0100,,Department of Basic Education EMIS,OPEN,Gauteng,700888065,Independent,Independent ECD Centre,,
Duduza Prototype ECD Centre O,Ekurhuleni,"STREET, Ekurhuleni, Gauteng",078 834 6899,,Department of Basic Education EMIS,OPEN,Gauteng,700700960,Independent,Independent ECD Centre,,
Dunnotor Kindergarten O,Ekurhuleni,"ROAD, Ekurhuleni, Gauteng",011 734 3469,,Department of Basic Education EMIS,OPEN,Gauteng,700350066,Independent,Independent ECD Centre,,
Egalile Day Care Centre &pre-school O,Ekurhuleni,"STREET SECTION, Ekurhuleni, Gauteng",011 555 0100,,Department of Basic Education EMIS,OPEN,Gauteng,700700853,Independent,Independent ECD Centre,,
Emthonjeni Pre Primary O,Ekurhuleni,"STREET, Ekurhuleni, Gauteng",011 738 2325,,Department of Basic Education EMIS,OPEN,Gauteng,700311993,Independent,Independent ECD Centre,,
Entuthukweni Child Development Centre O,Benoni,"STREET SECTION, Benoni, Gauteng",079 091 1425,,Department of Basic Education EMIS,OPEN,Gauteng,700700276,Independent,Independent ECD Centre,,
Eyethu Sonke ECD O,Springs,"STREET, Springs, Gauteng",011 736 7096,,Department of Basic Education EMIS,OPEN,Gauteng,700700395,Independent,Independent ECD Centre,,
Ezamokuhle Day Care Centre O,Ekurhuleni,"ROAD, Ekurhuleni, Gauteng",011 555 0100,,Department of Basic Education EMIS,OPEN,Gauteng,700700066,Independent,Independent ECD Centre,,
Flip-flap Kleuter Skool O,Brakpan,"STR, Brakpan, Gauteng",011 744 3714,,Department of Basic Education EMIS,OPEN,Gauteng,700700396,Independent,Independent ECD Centre,,
Fundulwazi Early Childhood Development Centre O,Johannesburg,"STREET, Johannesburg, Gauteng",011 555 0100,,Department of Basic Education EMIS,OPEN,Gauteng,700700238,Independent,Independent ECD Centre,,
Grace And Mercy Charity Day Care Centre O,Benoni,"CLOVERDENE DAVEYTON, Benoni, Gauteng",011 555 0100,,Department of Basic Education EMIS,OPEN,Gauteng,700888140,Independent,Independent ECD Centre,,
Happy Kids Valley Pre-school O,Springs,"STREET, Springs, Gauteng",011 362 5840,,Department of Basic Education EMIS,OPEN,Gauteng,700700306,Independent,Independent ECD Centre,,
Hope Nursery School,Ekurhuleni,"Ekurhuleni, Gauteng",011 555 0100,,Department of Basic Education EMIS,PENDING CLOSE,Gauteng,700701008,Public,Public ECD Centre,,
Ikageng Day Care & Pre School Centre,Ekurhuleni,"Ekurhuleni, Gauteng",011 555 0100,,Department of Basic Education EMIS,PENDING CLOSE,Gauteng,700701016,Public,Public ECD Centre,,
Iketsetseng Day Care Centre O,Benoni,"STREET DAVEYTON, Benoni, Gauteng",011 962 9006,,Department of Basic Education EMIS,OPEN,Gauteng,700890049,Independent,Independent ECD Centre,,
Impumelelo Early Learning Center O,Ekurhuleni,"STREET DAVEYTON, Ekurhuleni, Gauteng",011 424 1466,,Department of Basic Education EMIS,OPEN,Gauteng,700700967,Independent,Independent ECD Centre,,
Intuthuko Day Care Center O,Ekurhuleni,"DAVEYTON, Ekurhuleni, Gauteng",011 424 7586,,Department of Basic Education EMIS,OPEN,Gauteng,700700240,Independent,Independent ECD Centre,,
Isibuko Sezwe Care Centre Project O,Ekurhuleni,"DRIVE DAVEYTON, Ekurhuleni, Gauteng",084 239 2312,,Department of Basic Education EMIS,OPEN,Gauteng,700700968,Independent,Independent ECD Centre,,
John Wesley Pre - School O,Benoni,"STREET, Benoni, Gauteng",011 555 0100,,Department of Basic Education EMIS,OPEN,Gauteng,700700970,Independent,Independent ECD Centre,,
Jolly Jumbo Kleuterskool O,Springs,"STREET, Springs, Gauteng",083 923 4788,,Department of Basic Education EMIS,OPEN,Gauteng,700700397,Independent,Independent ECD Centre,,
Jungle Book Pre-school (pinegrove Primary) O,Ekurhuleni,"SECTION, Ekurhuleni, Gauteng",011 962 6421,,Department of Basic Education EMIS,OPEN,Gauteng,700700241,Independent,Independent ECD Centre,,
Kgotsong Day Care And Pre-school,Ekurhuleni,"Ekurhuleni, Gauteng",011 555 0100,,Department of Basic Education EMIS,PENDING CLOSE,Gauteng,700701007,Public,Public ECD Centre,,
Khayalethuday Care O,Benoni,"Benoni, Gauteng",011 555 0100,,Department of Basic Education EMIS,OPEN,Gauteng,700700244,Independent,Independent ECD Centre,,
Kiddies Corner Nursery O,Benoni,"AVENUE, Benoni, Gauteng",011 555 0100,,Department of Basic Education EMIS,OPEN,Gauteng,700700246,Independent,Independent ECD Centre,,
Kleuterland O,Brakpan,"AVE, Brakpan, Gauteng",011 555 0100,,Department of Basic Education EMIS,OPEN,Gauteng,700700399,Independent,Independent ECD Centre,,
Kwa-thema Pre-primary O,Ekurhuleni,"STREET, Ekurhuleni, Gauteng",011 736 8204,,Department of Basic Education EMIS,OPEN,Gauteng,700350827,Independent,Independent ECD Centre,,
Kwa-thema Stimulation Centre O,Ekurhuleni,"STREET, Ekurhuleni, Gauteng",011 736 2760,,Department of Basic Education EMIS,OPEN,Gauteng,700700161,Independent,Independent ECD Centre,,
Lesedi Early Learning Centre O,Springs,"STREET DAVEYTON DAVEYTON, Springs, Gauteng",011 740 0999,,Department of Basic Education EMIS,OPEN,Gauteng,700890018,Independent,Independent ECD Centre,,
Little Achievers O,Springs,"ROAD, Springs, Gauteng",011 818 5519,,Department of Basic Education EMIS,OPEN,Gauteng,700350355,Independent,Independent ECD Centre,,
Little Angels Educare O,Ekurhuleni,"STREET SECTION, Ekurhuleni, Gauteng",011 909 6964,,Department of Basic Education EMIS,OPEN,Gauteng,700700612,Independent,Independent ECD Centre,,
Little Miss Muffet Day Care,Ekurhuleni,"Ekurhuleni, Gauteng",011 906 3337,,Department of Basic Education EMIS,PENDING CLOSE,Gauteng,700701131,Public,Public ECD Centre,,
Lollipop Early Childwood Development Center O,Benoni,"STR, Benoni, Gauteng",011 555 0100,,Department of Basic Education EMIS,OPEN,Gauteng,700700619,Independent,Independent ECD Centre,,
Loving Care Edu Centre O,Kagiso,"STREET, Kagiso, Gauteng",011 419 9202,,Department of Basic Education EMIS,OPEN,Gauteng,700700416,Independent,Independent ECD Centre,,
Lutendo Nursery & Pre-school O,Springs,"STREET, Springs, Gauteng",011 737 6398,,Department of Basic Education EMIS,OPEN,Gauteng,700888157,Independent,Independent ECD Centre,,
Mabel Zozo Creche And Nursery School O,Springs,"STREET, Springs, Gauteng",011 555 0100,,Department of Basic Education EMIS,OPEN,Gauteng,700350868,Independent,Independent ECD Centre,,
Mamkhulu Early Learning Centre O,Benoni,"STREET, Benoni, Gauteng",011 555 0100,,Department of Basic Education EMIS,OPEN,Gauteng,700700296,Independent,Independent ECD Centre,,
Margaret Maltman Creche O,Springs,"STREET, Springs, Gauteng",011 736 6105,,Department of Basic Education EMIS,OPEN,Gauteng,700350884,Independent,Independent ECD Centre,,
Mary-jane Creche O,Ekurhuleni,"Ekurhuleni, Gauteng",011 555 0100,,Department of Basic Education EMIS,OPEN,Gauteng,700700620,Independent,Independent ECD Centre,,
Masonwabe Day Care Pre School O,Ekurhuleni,"STREET, Ekurhuleni, Gauteng",078 268 4501,,Department of Basic Education EMIS,OPEN,Gauteng,700700402,Independent,Independent ECD Centre,,
Matisetso Nursery And Pre-school O,Springs,"STREET, Springs, Gauteng",011 738 8229,,Department of Basic Education EMIS,OPEN,Gauteng,700888164,Independent,Independent ECD Centre,,
Mickey Mouse Montessori Pre-school O,Springs,"ROAD, Springs, Gauteng",011 362 1192,,Department of Basic Education EMIS,OPEN,Gauteng,700700156,Independent,Independent ECD Centre,,
Molyneux Pre- Primary O,Springs,"AVENUE, Springs, Gauteng",011 818 2660,,Department of Basic Education EMIS,OPEN,Gauteng,700700977,Independent,Independent ECD Centre,,
New Life Chidren Day Care And Pre School O,Ekurhuleni,"STREET, Ekurhuleni, Gauteng",072 305 6551,,Department of Basic Education EMIS,OPEN,Gauteng,700701006,Independent,Independent ECD Centre,,
New Life Day Care O,Springs,"STREET, Springs, Gauteng",011 555 0100,,Department of Basic Education EMIS,OPEN,Gauteng,700701005,Independent,Independent ECD Centre,,
Nhlakanipho Eco Centre O,Springs,"STREET, Springs, Gauteng",011 736 6105,,Department of Basic Education EMIS,OPEN,Gauteng,700700254,Independent,Independent ECD Centre,,
Nokuphila Day Care O,Springs,"AVENUES, Springs, Gauteng",011 818 1585,,Department of Basic Education EMIS,OPEN,Gauteng,700700294,Independent,Independent ECD Centre,,
Phindile Day Care & Pre School Centre O,Ekurhuleni,"STRT, Ekurhuleni, Gauteng",078 201 0977,,Department of Basic Education EMIS,OPEN,Gauteng,700700404,Independent,Independent ECD Centre,,
Rainbow Nation Creche O,Springs,"ROAD, Springs, Gauteng",011 555 0100,,Department of Basic Education EMIS,OPEN,Gauteng,700700292,Independent,Independent ECD Centre,,
Relebohile Lesedi Day Care And Pre Scholl O,Benoni,"RAPULANE STREET DAVEYTON, Benoni, Gauteng",082 742 9601,,Department of Basic Education EMIS,OPEN,Gauteng,700700632,Independent,Independent ECD Centre,,
SA Red Cross Day Care O,Ekurhuleni,"STREET DAVEYTON, Ekurhuleni, Gauteng",011 555 0100,,Department of Basic Education EMIS,OPEN,Gauteng,700700987,Independent,Independent ECD Centre,,
Sbongiseni Day Care And Pre-school,Ekurhuleni,"Ekurhuleni, Gauteng",071 952 2813,,Department of Basic Education EMIS,PENDING CLOSE,Gauteng,700701015,Public,Public ECD Centre,,
Sechaba Day Care And Pre-school,Ekurhuleni,"Ekurhuleni, Gauteng",083 599 0262,,Department of Basic Education EMIS,PENDING CLOSE,Gauteng,700701010,Public,Public ECD Centre,,
Selcourt Pre-primary O,Springs,"ROAD, Springs, Gauteng",011 818 1315,,Department of Basic Education EMIS,OPEN,Gauteng,700700158,Independent,Independent ECD Centre,,
Shalom Day Care & Pre School,Ekurhuleni,"Ekurhuleni, Gauteng",011 555 0100,,Department of Basic Education EMIS,PENDING CLOSE,Gauteng,700701013,Public,Public ECD Centre,,
Sifisokuhle Day Care O,Benoni,"STREET, Benoni, Gauteng",011 962 7555,,Department of Basic Education EMIS,OPEN,Gauteng,700700640,Independent,Independent ECD Centre,,
Sinikithemba Early Childhood Centre O,Ekurhuleni,"STREET DAVEYTON, Ekurhuleni, Gauteng",011 424 7693,,Department of Basic Education EMIS,OPEN,Gauteng,700700992,Independent,Independent ECD Centre,,
Siyabonga Day Care O,Benoni,"STREET DAVEYTON, Benoni, Gauteng",083 592 3327,,Department of Basic Education EMIS,OPEN,Gauteng,700700643,Independent,Independent ECD Centre,,
St Catherine's Nursery School O,Springs,"AVE, Springs, Gauteng",011 555 0100,,Department of Basic Education EMIS,OPEN,Gauteng,700700256,Independent,Independent ECD Centre,,
St Martins Crech & Pre School O,Benoni,"AVE, Benoni, Gauteng",011 555 0100,,Department of Basic Education EMIS,OPEN,Gauteng,700700257,Independent,Independent ECD Centre,,
Sunshine Day Care & Pre School O,Benoni,"CRESCENT, Benoni, Gauteng",011 962 3379,,Department of Basic Education EMIS,OPEN,Gauteng,700700647,Independent,Independent ECD Centre,,
Thabang -thabong Day Care And Pri-school O,Ekurhuleni,"STR DAVEYTON, Ekurhuleni, Gauteng",011 555 0100,,Department of Basic Education EMIS,OPEN,Gauteng,700700649,Independent,Independent ECD Centre,,
Thakgalang Creche And Day Care O,Brakpan,"STREET, Brakpan, Gauteng",011 555 0100,,Department of Basic Education EMIS,OPEN,Gauteng,700700651,Independent,Independent ECD Centre,,
Thanda Bantwana Day Care And Pre-school O,Benoni,"STR, Benoni, Gauteng",072 931 3807,,Department of Basic Education EMIS,OPEN,Gauteng,700700652,Independent,Independent ECD Centre,,
Thandeka Daycare And Pre-school O,Benoni,"STR.EXT, Benoni, Gauteng",073 293 9446,,Department of Basic Education EMIS,OPEN,Gauteng,700700654,Independent,Independent ECD Centre,,
Thandy's Pre-primary School O,Benoni,"STREET, Benoni, Gauteng",011 555 0100,,Department of Basic Education EMIS,OPEN,Gauteng,700700656,Independent,Independent ECD Centre,,
Thapelo Day Care O,Ekurhuleni,"Ekurhuleni, Gauteng",011 424 7913,,Department of Basic Education EMIS,OPEN,Gauteng,700700998,Independent,Independent ECD Centre,,
The Kwasa Centre O,Ekurhuleni,"ROAD, Ekurhuleni, Gauteng",011 555 0100,,Department of Basic Education EMIS,OPEN,Gauteng,700700411,Independent,Independent ECD Centre,,
Thembekani Day Care & Pre School O,Benoni,"STREET, Benoni, Gauteng",011 962 7012,,Department of Basic Education EMIS,OPEN,Gauteng,700700658,Independent,Independent ECD Centre,,
Thembelihle Early Learning Center O,Benoni,"STREET, Benoni, Gauteng",011 555 0100,,Department of Basic Education EMIS,OPEN,Gauteng,700700661,Independent,Independent ECD Centre,,
Thiesa Burgers Pre Primary Community Creche O,Ekurhuleni,"Ekurhuleni, Gauteng",011 732 1661,,Department of Basic Education EMIS,OPEN,Gauteng,700311779,Independent,Independent ECD Centre,,
Tiny Tots Kids & Community Development Centre,Ekurhuleni,"Ekurhuleni, Gauteng",083 487 9642,,Department of Basic Education EMIS,PENDING CLOSE,Gauteng,700701130,Public,Public ECD Centre,,
Trippe Trappe Trone O,Brakpan,"STREET, Brakpan, Gauteng",011 555 0100,,Department of Basic Education EMIS,OPEN,Gauteng,700700412,Independent,Independent ECD Centre,,
Unity Day Care And Pre School,Ekurhuleni,"Ekurhuleni, Gauteng",011 555 0100,,Department of Basic Education EMIS,PENDING CLOSE,Gauteng,700701021,Public,Public ECD Centre,,
Vriendelike Vlindertjies O,Springs,"Springs, Gauteng",011 555 0100,,Department of Basic Education EMIS,OPEN,Gauteng,700700851,Independent,Independent ECD Centre,,
Vuka Uphaphame Day Care O,Ekurhuleni,"DAVEYTON, Ekurhuleni, Gauteng",011 962 4013,,Department of Basic Education EMIS,OPEN,Gauteng,700700854,Independent,Independent ECD Centre,,
Wilson Lebone Pre Primary,Ekurhuleni,"Ekurhuleni, Gauteng",011 555 0100,,Department of Basic Education EMIS,PENDING CLOSE,Gauteng,700351123,Public,Public ECD Centre,,
Winnie The Pooh Creche And Junior College O,Brakpan,"STR, Brakpan, Gauteng",011 555 0100,,Department of Basic Education EMIS,OPEN,Gauteng,700700414,Independent,Independent ECD Centre,,
Zithabiseni Day Care Center & Pre School,Ekurhuleni,"Ekurhuleni, Gauteng",011 555 0100,,Department of Basic Education EMIS,PENDING CLOSE,Gauteng,700701014,Public,Public ECD Centre,,
Zizamele Daycare,Ekurhuleni,"STREET DAVEYTON, Ekurhuleni, Gauteng",011 962 8182,,Department of Basic Education EMIS,OPEN,Gauteng,700700415,Independent,Independent ECD Centre,,
Ditebogo Day Care Centre O,Tshwane,"GRDENS, Tshwane, Gauteng",073 180 8371,,Department of Basic Education EMIS,OPEN,Gauteng,700890012,Independent,Independent ECD Centre,,
Friendship Educare O,Tshwane,"Tshwane, Gauteng",013 930 0634,,Department of Basic Education EMIS,OPEN,Gauteng,700888176,Independent,Independent ECD Centre,,
Golang Day Care Centre O,Tshwane,"GARDENS, Tshwane, Gauteng",076 554 8486,,Department of Basic Education EMIS,OPEN,Gauteng,700880045,Independent,Independent ECD Centre,,
Happy Kideo Educare Centre O,Tshwane,"SECTION SECTION, Tshwane, Gauteng",013 934 5017,,Department of Basic Education EMIS,OPEN,Gauteng,700888172,Independent,Independent ECD Centre,,
Ikageng Day Care Centre O,Tshwane,"GARDENS, Tshwane, Gauteng",078 578 0394,,Department of Basic Education EMIS,OPEN,Gauteng,700880073,Independent,Independent ECD Centre,,
Itireleng Educare O,Tshwane,"SECTION, Tshwane, Gauteng",013 934 5805,,Department of Basic Education EMIS,OPEN,Gauteng,700888207,Independent,Independent ECD Centre,,
Kameeldrift Early Learning Centre O,Tshwane,"Tshwane, Gauteng",012 808 1455,,Department of Basic Education EMIS,OPEN,Gauteng,700700171,Independent,Independent ECD Centre,,
Kesentswe Day Care Centre O,Tshwane,"GARDENS, Tshwane, Gauteng",011 555 0100,,Department of Basic Education EMIS,OPEN,Gauteng,700700150,Independent,Independent ECD Centre,,
Kleuterskool Meyerspark,Tshwane,"Tshwane, Gauteng",012 807 0733,,Department of Basic Education EMIS,PENDING CLOSE,Gauteng,700220244,Public,Public ECD Centre,,
Ladybird Kleuterskool O,Tshwane,"LADYBIRD STREET, Tshwane, Gauteng",012 809 1569,,Department of Basic Education EMIS,OPEN,Gauteng,700220467,Independent,Independent ECD Centre,,
Lerato La Mme Day Care Centre O,Tshwane,"GARDENS, Tshwane, Gauteng",079 217 4205,,Department of Basic Education EMIS,OPEN,Gauteng,700700849,Independent,Independent ECD Centre,,
Lethabong Day Care Centre O,Tshwane,"GARDENS, Tshwane, Gauteng",082 644 6229,,Department of Basic Education EMIS,OPEN,Gauteng,700880071,Independent,Independent ECD Centre,,
Lindokuhle Super Day Care O,Tshwane,"Tshwane, Gauteng",083 240 0940,,Department of Basic Education EMIS,OPEN,Gauteng,700700101,Independent,Independent ECD Centre,,
Mampheso Day Care Centre O,Tshwane,"GARDENS, Tshwane, Gauteng",078 066 5995,,Department of Basic Education EMIS,OPEN,Gauteng,700888167,Independent,Independent ECD Centre,,
Mpumelelo Self Help Crech O,Tshwane,"STREET, Tshwane, Gauteng",071 052 5500,,Department of Basic Education EMIS,OPEN,Gauteng,700899005,Independent,Independent ECD Centre,,
Randzanani Pre School O,Tshwane,"SECTION, Tshwane, Gauteng",013 930 0196,,Department of Basic Education EMIS,OPEN,Gauteng,700700298,Independent,Independent ECD Centre,,
Segolela Pre School O,Tshwane,"Tshwane, Gauteng",013 935 3427,,Department of Basic Education EMIS,OPEN,Gauteng,700212084,Independent,Independent ECD Centre,,
Siyabonga Home Educare O,Tshwane,"Tshwane, Gauteng",072 951 3828,,Department of Basic Education EMIS,OPEN,Gauteng,700700259,Independent,Independent ECD Centre,,
St.theresa Educare Centre O,Tshwane,"SECTION, Tshwane, Gauteng",081 503 2546,,Department of Basic Education EMIS,OPEN,Gauteng,700700297,Independent,Independent ECD Centre,,
Suikerbekkie Kleuterskool O,Tshwane,"Tshwane, Gauteng",013 932 4612,,Department of Basic Education EMIS,OPEN,Gauteng,700210591,Independent,Independent ECD Centre,,
Thusanang Day Care Centre O,Tshwane,"SECTION, Tshwane, Gauteng",011 555 0100,,Department of Basic Education EMIS,OPEN,Gauteng,700922227,Independent,Independent ECD Centre,,
Thutopele Day Care Centre O,Tshwane,"SECTION EKANDUSTRIA, Tshwane, Gauteng",011 555 0100,,Department of Basic Education EMIS,OPEN,Gauteng,700700102,Independent,Independent ECD Centre,,
Try Again Heroes Of Lesedi O,Tshwane,"SECTION, Tshwane, Gauteng",013 934 4791,,Department of Basic Education EMIS,OPEN,Gauteng,700888064,Independent,Independent ECD Centre,,
Ubuhle Care & Development Centre O,Tshwane,"Tshwane, Gauteng",011 555 0100,,Department of Basic Education EMIS,OPEN,Gauteng,700700999,Independent,Independent ECD Centre,,
Zakhele Place Of Care O,Gauteng,"DISTRICT 20,RETHABISENG,1026, Gauteng, Gauteng",011 555 0100,,Department of Basic Education EMIS,OPEN,Gauteng,700880076,Independent,Independent ECD Centre,,
Zamani Day Care Centre O,Pretoria,"Pretoria, Gauteng",011 555 0100,,Department of Basic Education EMIS,OPEN,Gauteng,700700299,Independent,Independent ECD Centre,,
Zambuhle Day Care Centre O,Tshwane,"SECTION BRONKHORSTRUIT, Tshwane, Gauteng",072 287 8029,,Department of Basic Education EMIS,OPEN,Gauteng,700890097,Independent,Independent ECD Centre,,
Angela Day Care Centre O,Krugersdorp,"STREET, Krugersdorp, Gauteng",011 762 9450,,Department of Basic Education EMIS,OPEN,Gauteng,700700174,Independent,Independent ECD Centre,,
Azaadville Nursery School O,Krugersdorp,"Krugersdorp, Gauteng",011 413 1605,,Department of Basic Education EMIS,OPEN,Gauteng,700700164,Independent,Independent ECD Centre,,
Dorothy Barber Pre School O,Krugersdorp,"POTCHEFSTROOMSOUTHERN DISTRICT DRIVE 579,KRUGERSDORP,1740, Krugersdorp, Gauteng",011 665 2012,,Department of Basic Education EMIS,OPEN,Gauteng,700252130,Independent,Independent ECD Centre,,
Inkwenkwezi Day Care O,Krugersdorp,"STREET STREET, Krugersdorp, Gauteng",073 455 3963,,Department of Basic Education EMIS,OPEN,Gauteng,700700165,Independent,Independent ECD Centre,,
Inkwenkwezi Edu Care O,Kagiso,"STREET, Kagiso, Gauteng",011 410 3333,,Department of Basic Education EMIS,OPEN,Gauteng,700700173,Independent,Independent ECD Centre,,
Jubileum Pre Primere Skool O,Krugersdorp,"DISTRICT STREET, Krugersdorp, Gauteng",011 665 2300,,Department of Basic Education EMIS,OPEN,Gauteng,700250886,Independent,Independent ECD Centre,,
Kleuterskool Hans En Griet O,Krugersdorp,"DISTRICT STREET, Krugersdorp, Gauteng",011 953 1969,,Department of Basic Education EMIS,OPEN,Gauteng,700250407,Independent,Independent ECD Centre,,
Lusaka Community Creche O,Gauteng,"STREET, Gauteng, Gauteng",073 199 9499,,Department of Basic Education EMIS,OPEN,Gauteng,700700423,Independent,Independent ECD Centre,,
Mamma Leonie Kleuterskool O,Krugersdorp,"DISTRICT STRYDOM STREET, Krugersdorp, Gauteng",011 665 1952,,Department of Basic Education EMIS,OPEN,Gauteng,700250464,Independent,Independent ECD Centre,,
Melktandjies Nursery School O,Randfontein,"DISTRICT STREET, Randfontein, Gauteng",011 693 1561,,Department of Basic Education EMIS,OPEN,Gauteng,700270561,Independent,Independent ECD Centre,,
Pelotshweu Little Graduates O,Krugersdorp,"Krugersdorp, Gauteng",011 410 6515,,Department of Basic Education EMIS,OPEN,Gauteng,700700424,Independent,Independent ECD Centre,,
Rising Stars Pre-school O,Randfontein,"SECTION, Randfontein, Gauteng",018 783 2182,,Department of Basic Education EMIS,OPEN,Gauteng,700700989,Independent,Independent ECD Centre,,
Rosemarie Kahn Kleuterskool O,Randfontein,"DISTRICT STRAAT, Randfontein, Gauteng",011 693 3383,,Department of Basic Education EMIS,OPEN,Gauteng,700270520,Independent,Independent ECD Centre,,
Siphesihle Day Care & Resource Centre O,Krugersdorp,"STREET, Krugersdorp, Gauteng",011 410 7804,,Department of Basic Education EMIS,OPEN,Gauteng,700700969,Independent,Independent ECD Centre,,
Sizwe-sechaba Creche O,Krugersdorp,"DISTRICT DRIVE, Krugersdorp, Gauteng",011 410 0775,,Department of Basic Education EMIS,OPEN,Gauteng,700252155,Independent,Independent ECD Centre,,
St John Bosco Children Foundation Center O,Krugersdorp,"STREET, Krugersdorp, Gauteng",073 647 3977,,Department of Basic Education EMIS,OPEN,Gauteng,700700426,Independent,Independent ECD Centre,,
Stars Shine Learning & Development Centre O,Westonaria,"STREET, Westonaria, Gauteng",011 693 4939,,Department of Basic Education EMIS,OPEN,Gauteng,700700994,Independent,Independent ECD Centre,,
The Kingdom Of Children Educare O,Westonaria,"STREET, Westonaria, Gauteng",073 225 8703,,Department of Basic Education EMIS,OPEN,Gauteng,700700428,Independent,Independent ECD Centre,,
Tolerance Day Care Centre O,Westonaria,"STREET, Westonaria, Gauteng",011 753 2922,,Department of Basic Education EMIS,OPEN,Gauteng,700700187,Independent,Independent ECD Centre,,
Tsholofelo Educare Center O,Westonaria,"STREET, Westonaria, Gauteng",011 753 2922,,Department of Basic Education EMIS,OPEN,Gauteng,700270629,Independent,Independent ECD Centre,,
"Tswelelopele ""a"" Educare O",Krugersdorp,"STREET, Krugersdorp, Gauteng",011 555 0100,,Department of Basic Education EMIS,OPEN,Gauteng,700700183,Independent,Independent ECD Centre,,
Turning Point Christian Centre O,Roodepoort,"Roodepoort, Gauteng",011 410 0981,,Department of Basic Education EMIS,OPEN,Gauteng,700700181,Independent,Independent ECD Centre,,
"Twelelopele ""b"" Educare O",Krugersdorp,"STREET., Krugersdorp, Gauteng",011 555 0100,,Department of Basic Education EMIS,OPEN,Gauteng,700700184,Independent,Independent ECD Centre,,
Vi Tapson Pre School O,Krugersdorp,"DISTRICT STREET, Krugersdorp, Gauteng",011 410 0336,,Department of Basic Education EMIS,OPEN,Gauteng,700252148,Independent,Independent ECD Centre,,
Wedela Pre Primary O,Westonaria,"STREET, Westonaria, Gauteng",011 410 7709,,Department of Basic Education EMIS,OPEN,Gauteng,700700264,Independent,Independent ECD Centre,,
Al Aqsa Nursery And Pre School O,Johannesburg,"Johannesburg, Gauteng",011 433 3380,,Department of Basic Education EMIS,OPEN,Gauteng,700700430,Independent,Independent ECD Centre,,
Bambinos Nursery School O,Johannesburg,"GARDENS, Johannesburg, Gauteng",084 402 7347,,Department of Basic Education EMIS,OPEN,Gauteng,700700431,Independent,Independent ECD Centre,,
Bokmakierie Pre Primary School O,Johannesburg,"STREET AVENUE, Johannesburg, Gauteng",011 941 1211,,Department of Basic Education EMIS,OPEN,Gauteng,700120907,Independent,Independent ECD Centre,,
Bubbly Day Careo,Johannesburg,"Johannesburg, Gauteng",027 870 6467,,Department of Basic Education EMIS,OPEN,Gauteng,700700261,Independent,Independent ECD Centre,,
Chip And Dale Day Care O,Johannesburg,"Johannesburg, Gauteng",011 942 3972,,Department of Basic Education EMIS,OPEN,Gauteng,700700742,Independent,Independent ECD Centre,,
Cornerstone Kids O,Johannesburg,"Johannesburg, Gauteng",011 433 4220,,Department of Basic Education EMIS,OPEN,Gauteng,700700746,Independent,Independent ECD Centre,,
Duduzani Pre School O,Johannesburg,"STREET, Johannesburg, Gauteng",011 986 4596,,Department of Basic Education EMIS,OPEN,Gauteng,700888191,Independent,Independent ECD Centre,,
Early Bird Day Care O,Johannesburg,"BIRD STREET, Johannesburg, Gauteng",010 229 0762,,Department of Basic Education EMIS,OPEN,Gauteng,700700434,Independent,Independent ECD Centre,,
Ebony And Ivory Pre School O,Johannesburg,"STREET, Johannesburg, Gauteng",011 984 5606,,Department of Basic Education EMIS,OPEN,Gauteng,700700433,Independent,Independent ECD Centre,,
Get Me Ready Day Care Centre O,Johannesburg,"STREET, Johannesburg, Gauteng",084 508 0903,,Department of Basic Education EMIS,OPEN,Gauteng,700700435,Independent,Independent ECD Centre,,
Happy Star Bambinos Pre School O,Johannesburg,"Johannesburg, Gauteng",072 824 3987,,Department of Basic Education EMIS,OPEN,Gauteng,700700754,Independent,Independent ECD Centre,,
Impendulo Daycare Centre O,Johannesburg,"STREET, Johannesburg, Gauteng",011 555 0100,,Department of Basic Education EMIS,OPEN,Gauteng,700700420,Independent,Independent ECD Centre,,
Jaamia Islamia Preschool O,Johannesburg,"Johannesburg, Gauteng",011 852 3056,,Department of Basic Education EMIS,OPEN,Gauteng,700700747,Independent,Independent ECD Centre,,
Junior Tech Pre-school O,Johannesburg,"STREET, Johannesburg, Gauteng",016 594 2663,,Department of Basic Education EMIS,OPEN,Gauteng,700700462,Independent,Independent ECD Centre,,
Katleho Lesedi Educare O,Johannesburg,"Johannesburg, Gauteng",011 555 0100,,Department of Basic Education EMIS,OPEN,Gauteng,700700239,Independent,Independent ECD Centre,,
Kiddi Care 24/7o,Johannesburg,"RD, Johannesburg, Gauteng",011 835 2287,,Department of Basic Education EMIS,OPEN,Gauteng,700700752,Independent,Independent ECD Centre,,
Kid's Cabin ECD Site O,Johannesburg,"ROAD, Johannesburg, Gauteng",011 680 2703,,Department of Basic Education EMIS,OPEN,Gauteng,700700436,Independent,Independent ECD Centre,,
Kindergarten Kidz O,Johannesburg,"STR, Johannesburg, Gauteng",011 852 4911,,Department of Basic Education EMIS,OPEN,Gauteng,700700741,Independent,Independent ECD Centre,,
Land Of Joy Learing Centre O,Johannesburg,"STREET, Johannesburg, Gauteng",011 987 5111,,Department of Basic Education EMIS,OPEN,Gauteng,700700301,Independent,Independent ECD Centre,,
Lawley Community Centre O,Johannesburg,"Johannesburg, Gauteng",083 687 4468,,Department of Basic Education EMIS,OPEN,Gauteng,700700437,Independent,Independent ECD Centre,,
Learn And Growo,Johannesburg,"Johannesburg, Gauteng",073 332 7796,,Department of Basic Education EMIS,OPEN,Gauteng,700700438,Independent,Independent ECD Centre,,
Lenasia Muslim Association O,Johannesburg,"STREET, Johannesburg, Gauteng",011 854 4861,,Department of Basic Education EMIS,OPEN,Gauteng,700111690,Independent,Independent ECD Centre,,
Lenasia Muslim Association Nursery & Preschool O,Johannesburg,"Johannesburg, Gauteng",011 852 7406,,Department of Basic Education EMIS,OPEN,Gauteng,700111765,Independent,Independent ECD Centre,,
Little Angels Day Care O,Johannesburg,"Johannesburg, Gauteng",011 297 0177,,Department of Basic Education EMIS,OPEN,Gauteng,700700650,Independent,Independent ECD Centre,,
Little Angels Pre School O,Johannesburg,"Johannesburg, Gauteng",011 555 0100,,Department of Basic Education EMIS,OPEN,Gauteng,700700818,Independent,Independent ECD Centre,,
Little Bambinos Montessori Pre-school O,Johannesburg,"STREET, Johannesburg, Gauteng",011 854 1643,,Department of Basic Education EMIS,OPEN,Gauteng,700700439,Independent,Independent ECD Centre,,
Little Folks Nursery School O,Johannesburg,"Johannesburg, Gauteng",011 854 3371,,Department of Basic Education EMIS,OPEN,Gauteng,700700440,Independent,Independent ECD Centre,,
Little Rainbow Creche O,Johannesburg,"Johannesburg, Gauteng",011 945 6909,,Department of Basic Education EMIS,OPEN,Gauteng,700700441,Independent,Independent ECD Centre,,
Little Roses Early Learning Centre O,Johannesburg,"STREET, Johannesburg, Gauteng",083 240 0686,,Department of Basic Education EMIS,OPEN,Gauteng,700700971,Independent,Independent ECD Centre,,
Love And Care Educare Centre O,Johannesburg,"ROAD, Johannesburg, Gauteng",011 070 8879,,Department of Basic Education EMIS,OPEN,Gauteng,700700013,Independent,Independent ECD Centre,,
Mamas Care Day Care And Pre School O,Johannesburg,"Johannesburg, Gauteng",011 555 0100,,Department of Basic Education EMIS,OPEN,Gauteng,700700974,Independent,Independent ECD Centre,,
Mamoriti Day Care O,Johannesburg,"Johannesburg, Gauteng",011 930 6755,,Department of Basic Education EMIS,OPEN,Gauteng,700700751,Independent,Independent ECD Centre,,
Marshmallow Island Educare O,Johannesburg,"STREET SUIDEROORD, Johannesburg, Gauteng",011 680 1891,,Department of Basic Education EMIS,OPEN,Gauteng,700700227,Independent,Independent ECD Centre,,
May Lill 123 Nursery School O,Johannesburg,"AVENUE, Johannesburg, Gauteng",011 680 4947,,Department of Basic Education EMIS,OPEN,Gauteng,700700743,Independent,Independent ECD Centre,,
Mondeor Community School O,Johannesburg,"DAYLESFORDS ROAD, Johannesburg, Gauteng",011 680 7503,,Department of Basic Education EMIS,OPEN,Gauteng,700700443,Independent,Independent ECD Centre,,
N.b Day Care Centre,Johannesburg,"Johannesburg, Gauteng",072 733 1704,,Department of Basic Education EMIS,PENDING CLOSE,Gauteng,700701114,Public,Public ECD Centre,,
Nawara Playgroup And Pre School O,Johannesburg,"Johannesburg, Gauteng",011 854 4406,,Department of Basic Education EMIS,OPEN,Gauteng,700700444,Independent,Independent ECD Centre,,
Nurul Islam Pre Primary O,Johannesburg,"STREET, Johannesburg, Gauteng",011 654 1360,,Department of Basic Education EMIS,OPEN,Gauteng,700111674,Independent,Independent ECD Centre,,
Omphile Day Care O,Johannesburg,"STREET, Johannesburg, Gauteng",071 877 9044,,Department of Basic Education EMIS,OPEN,Gauteng,700700445,Independent,Independent ECD Centre,,
Rising Sun Montessori O,Johannesburg,"STREET, Johannesburg, Gauteng",011 433 4071,,Department of Basic Education EMIS,OPEN,Gauteng,700700446,Independent,Independent ECD Centre,,
Saartjie Naude Creche O,Johannesburg,"STREET, Johannesburg, Gauteng",011 930 5730,,Department of Basic Education EMIS,OPEN,Gauteng,700122119,Independent,Independent ECD Centre,,
Siphephile Educational And Day Care Centre O,Johannesburg,"Johannesburg, Gauteng",011 980 5371,,Department of Basic Education EMIS,OPEN,Gauteng,700700744,Independent,Independent ECD Centre,,
Superstars Pre School O,Johannesburg,"STR, Johannesburg, Gauteng",011 555 0100,,Department of Basic Education EMIS,OPEN,Gauteng,700700753,Independent,Independent ECD Centre,,
Sweet Home Pre Primary School O,Johannesburg,"STREET, Johannesburg, Gauteng",011 555 0100,,Department of Basic Education EMIS,OPEN,Gauteng,700700995,Independent,Independent ECD Centre,,
Syringa ECD Centre O,Johannesburg,"Johannesburg, Gauteng",011 342 6656,,Department of Basic Education EMIS,OPEN,Gauteng,700700303,Independent,Independent ECD Centre,,
Thabang Thabong,Johannesburg,"CRESCENT GARDENS, Johannesburg, Gauteng",011 433 4802,,Department of Basic Education EMIS,OPEN,Gauteng,700700447,Independent,Independent ECD Centre,,
The Jack And Jill ECD O,Johannesburg,"Johannesburg, Gauteng",072 139 0341,,Department of Basic Education EMIS,OPEN,Gauteng,700700750,Independent,Independent ECD Centre,,
The Litlle Baby Bear D/c And Community Projects O,Johannesburg,"Johannesburg, Gauteng",011 933 4225,,Department of Basic Education EMIS,OPEN,Gauteng,700700657,Independent,Independent ECD Centre,,
Toddler Town Nursery O,Johannesburg,"AVE, Johannesburg, Gauteng",011 941 3765,,Department of Basic Education EMIS,OPEN,Gauteng,700700745,Independent,Independent ECD Centre,,
Top Kids Nursery O,Johannesburg,"AVENUE, Johannesburg, Gauteng",011 942 4869,,Department of Basic Education EMIS,OPEN,Gauteng,700700448,Independent,Independent ECD Centre,,
Twinkle Stars ECD Centre O,Johannesburg,"DRIVE SASTRI, Johannesburg, Gauteng",011 852 1515,,Department of Basic Education EMIS,OPEN,Gauteng,700700748,Independent,Independent ECD Centre,,
Zakheleni Early Learning Centre O,Johannesburg,"Johannesburg, Gauteng",011 987 2179,,Department of Basic Education EMIS,OPEN,Gauteng,700700449,Independent,Independent ECD Centre,,
Abc Nursery And Pre-school O,Johannesburg,"STREET, Johannesburg, Gauteng",011 333 6273,,Department of Basic Education EMIS,OPEN,Gauteng,700890069,Independent,Independent ECD Centre,,
Affordable Pre School O,Johannesburg,"AFFORDABLE ORCHARD ROAD, Johannesburg, Gauteng",011 443 4923,,Department of Basic Education EMIS,OPEN,Gauteng,700888033,Independent,Independent ECD Centre,,
Barneys Daycare And Pre-school O,Johannesburg,"STREET, Johannesburg, Gauteng",011 075 3438,,Department of Basic Education EMIS,OPEN,Gauteng,700700955,Independent,Independent ECD Centre,,
Bluebird Pre-primary School O,Johannesburg,"BLUEBIRD ROAD, Johannesburg, Gauteng",011 442 8160,,Department of Basic Education EMIS,OPEN,Gauteng,700150128,Independent,Independent ECD Centre,,
Boitumelong Early Learning Centre O,Johannesburg,"AVENUE, Johannesburg, Gauteng",011 443 7271,,Department of Basic Education EMIS,OPEN,Gauteng,700890042,Independent,Independent ECD Centre,,
Bophelo Bo Bontle Preschool O,Johannesburg,"SECTION, Johannesburg, Gauteng",011 555 0100,,Department of Basic Education EMIS,OPEN,Gauteng,700890040,Independent,Independent ECD Centre,,
Bramley Nursery School O,Johannesburg,"ROAD, Johannesburg, Gauteng",011 786 0128,,Department of Basic Education EMIS,OPEN,Gauteng,700150144,Independent,Independent ECD Centre,,
Bright And Beautiful Knowledge Creche And Pre-school O,Johannesburg,"KINGCRESENTSTREET SECTION, Johannesburg, Gauteng",011 056 8214,,Department of Basic Education EMIS,OPEN,Gauteng,700888061,Independent,Independent ECD Centre,,
Bright Start Pre-school O,Johannesburg,"RD, Johannesburg, Gauteng",011 555 0100,,Department of Basic Education EMIS,OPEN,Gauteng,700890028,Independent,Independent ECD Centre,,
Casita De Chocolate Pre-school O,Johannesburg,"STREET, Johannesburg, Gauteng",011 555 0100,,Department of Basic Education EMIS,OPEN,Gauteng,700888031,Independent,Independent ECD Centre,,
Childrens Communication Centre O,Johannesburg,"ROAD, Johannesburg, Gauteng",011 484 3408,,Department of Basic Education EMIS,OPEN,Gauteng,700131722,Independent,Independent ECD Centre,,
Clucky Duck Nursery School O,Johannesburg,"BEAVEN ROAD, Johannesburg, Gauteng",011 555 0100,,Department of Basic Education EMIS,OPEN,Gauteng,700150326,Independent,Independent ECD Centre,,
Coronation Day School O,Johannesburg,"ROAD ORCHARDS, Johannesburg, Gauteng",011 640 3558,,Department of Basic Education EMIS,OPEN,Gauteng,700130211,Independent,Independent ECD Centre,,
Dineo Pre-school O,Johannesburg,"STREET, Johannesburg, Gauteng",011 648 4768,,Department of Basic Education EMIS,OPEN,Gauteng,700890084,Independent,Independent ECD Centre,,
Douglasdale Nursery School O,Johannesburg,"LANE, Johannesburg, Gauteng",011 704 2737,,Department of Basic Education EMIS,OPEN,Gauteng,700150193,Independent,Independent ECD Centre,,
Down Town Pre-school O,Johannesburg,"STREET, Johannesburg, Gauteng",011 555 0100,,Department of Basic Education EMIS,OPEN,Gauteng,700880037,Independent,Independent ECD Centre,,
Ekuthuleni Pre-school O,Johannesburg,"STREET, Johannesburg, Gauteng",011 555 0100,,Department of Basic Education EMIS,OPEN,Gauteng,700899900,Independent,Independent ECD Centre,,
Entokozweni Day Care Centre O,Johannesburg,"AVENUE, Johannesburg, Gauteng",011 443 8598,,Department of Basic Education EMIS,OPEN,Gauteng,700880028,Independent,Independent ECD Centre,,
Fastrackids Sandton O,Johannesburg,"FASTRACKIDS STREET, Johannesburg, Gauteng",011 555 0100,,Department of Basic Education EMIS,OPEN,Gauteng,700700287,Independent,Independent ECD Centre,,
Geluksdal Educare Centre O,Johannesburg,"STREET, Johannesburg, Gauteng",011 555 0100,,Department of Basic Education EMIS,OPEN,Gauteng,700701004,Independent,Independent ECD Centre,,
Hlayisanani Day Care Centre O,Johannesburg,"Johannesburg, Gauteng",011 555 0100,,Department of Basic Education EMIS,OPEN,Gauteng,700890087,Independent,Independent ECD Centre,,
Itumeleng Grade R O,Johannesburg,"STREET SECTION, Johannesburg, Gauteng",011 555 0100,,Department of Basic Education EMIS,OPEN,Gauteng,700890083,Independent,Independent ECD Centre,,
Ivory Park North Community Pre-school O,Johannesburg,"CRESCENT SECTION, Johannesburg, Gauteng",011 555 0100,,Department of Basic Education EMIS,OPEN,Gauteng,700890082,Independent,Independent ECD Centre,,
Johanna Malan Ecdc O,Johannesburg,"STREET, Johannesburg, Gauteng",011 555 0100,,Department of Basic Education EMIS,OPEN,Gauteng,700899100,Independent,Independent ECD Centre,,
Kanana Nehemiah Preschool O,Johannesburg,"STREET, Johannesburg, Gauteng",084 786 6776,,Department of Basic Education EMIS,OPEN,Gauteng,700899016,Independent,Independent ECD Centre,,
Karabo Early Learning Centre O,Johannesburg,"ROAD LOMBARDY, Johannesburg, Gauteng",011 882 8622,,Department of Basic Education EMIS,OPEN,Gauteng,700890081,Independent,Independent ECD Centre,,
Kideo Early Childhood Development Centre O,Johannesburg,"STREET, Johannesburg, Gauteng",011 333 6918,,Department of Basic Education EMIS,OPEN,Gauteng,700888058,Independent,Independent ECD Centre,,
Lesedi Pre School O,Johannesburg,"SECTION, Johannesburg, Gauteng",011 555 0100,,Department of Basic Education EMIS,OPEN,Gauteng,700890010,Independent,Independent ECD Centre,,
Little Teddy Bears Kinder Garden O,Johannesburg,"GARDEN STREET STREET, Johannesburg, Gauteng",078 933 3229,,Department of Basic Education EMIS,OPEN,Gauteng,700888133,Independent,Independent ECD Centre,,
Lokoloha Pre-school O,Johannesburg,"Johannesburg, Gauteng",011 555 0100,,Department of Basic Education EMIS,OPEN,Gauteng,700890005,Independent,Independent ECD Centre,,
Matsikiri Pre-school O,Johannesburg,"STREEET, Johannesburg, Gauteng",011 555 0100,,Department of Basic Education EMIS,OPEN,Gauteng,700888056,Independent,Independent ECD Centre,,
Minnie Berso Hn Nursery School O,Johannesburg,"ROAD, Johannesburg, Gauteng",011 785 8888,,Department of Basic Education EMIS,OPEN,Gauteng,700151829,Independent,Independent ECD Centre,,
Mission House Pre-school O,Johannesburg,"ROAD, Johannesburg, Gauteng",011 046 9859,,Department of Basic Education EMIS,OPEN,Gauteng,700890002,Independent,Independent ECD Centre,,
Mma-bana Pre-school O,Johannesburg,"STREET, Johannesburg, Gauteng",011 204 0829,,Department of Basic Education EMIS,OPEN,Gauteng,700880035,Independent,Independent ECD Centre,,
Mpumalanga Nursery And Pre-school O,Johannesburg,"STREET STREET, Johannesburg, Gauteng",011 336 1871,,Department of Basic Education EMIS,OPEN,Gauteng,700880034,Independent,Independent ECD Centre,,
Nehemia Pre-school O,Johannesburg,"STREET, Johannesburg, Gauteng",011 046 9859,,Department of Basic Education EMIS,OPEN,Gauteng,700890077,Independent,Independent ECD Centre,,
Nolukhanyo Pre School O,Johannesburg,"KHUMULASTREET, Johannesburg, Gauteng",011 555 0100,,Department of Basic Education EMIS,OPEN,Gauteng,700890025,Independent,Independent ECD Centre,,
Oakhill Pre-school O,Rustenburg,"DISTRICT 23,MORNINGSIDE,2057, Rustenburg, Gauteng",011 783 3108,,Department of Basic Education EMIS,OPEN,Gauteng,700150672,Independent,Independent ECD Centre,,
Pillsbury Child Care O,Johannesburg,"ROAD, Johannesburg, Gauteng",011 882 1147,,Department of Basic Education EMIS,OPEN,Gauteng,700888057,Independent,Independent ECD Centre,,
Ratanang Early Learning Site O,Johannesburg,"ROAD SECTION, Johannesburg, Gauteng",011 555 0100,,Department of Basic Education EMIS,OPEN,Gauteng,700890031,Independent,Independent ECD Centre,,
Redhill Pre-preparatory School O,Johannesburg,"ROAD, Johannesburg, Gauteng",011 883 3443,,Department of Basic Education EMIS,OPEN,Gauteng,700151316,Independent,Independent ECD Centre,,
Rise And Shine Pre-school O,Johannesburg,"Johannesburg, Gauteng",011 333 2415,,Department of Basic Education EMIS,OPEN,Gauteng,700890076,Independent,Independent ECD Centre,,
Rosabelle Klein Hebrew Nursery School O,Johannesburg,"ROAD WAVERLY, Johannesburg, Gauteng",011 440 4980,,Department of Basic Education EMIS,OPEN,Gauteng,700131375,Independent,Independent ECD Centre,,
Rumble In The Jungle Pre-school O,Johannesburg,"LANE, Johannesburg, Gauteng",011 789 4771,,Department of Basic Education EMIS,OPEN,Gauteng,700899909,Independent,Independent ECD Centre,,
Shiloh Pre-school And After Care O,Johannesburg,"STREET, Johannesburg, Gauteng",011 555 0100,,Department of Basic Education EMIS,OPEN,Gauteng,700890075,Independent,Independent ECD Centre,,
Sindisa Child Day Care O,Johannesburg,"LANE, Johannesburg, Gauteng",011 443 9578,,Department of Basic Education EMIS,OPEN,Gauteng,700880001,Independent,Independent ECD Centre,,
Siyabathanda Day Care Centre O,Johannesburg,"RALEIGHSTREET STR, Johannesburg, Gauteng",011 615 4799,,Department of Basic Education EMIS,OPEN,Gauteng,700888032,Independent,Independent ECD Centre,,
St. Martin Pre-school & St. Theresa Creche O,Johannesburg,"WATTSTREET AVENUE, Johannesburg, Gauteng",011 887 8765,,Department of Basic Education EMIS,OPEN,Gauteng,700890074,Independent,Independent ECD Centre,,
Sweet Melody Pre-school O,Johannesburg,"STR, Johannesburg, Gauteng",011 337 2184,,Department of Basic Education EMIS,OPEN,Gauteng,700890027,Independent,Independent ECD Centre,,
Tender Care Pre-school O,Johannesburg,"Johannesburg, Gauteng",011 555 0100,,Department of Basic Education EMIS,OPEN,Gauteng,700700949,Independent,Independent ECD Centre,,
Thabisong Educare Centre O,Johannesburg,"AVENUE, Johannesburg, Gauteng",011 443 6540,,Department of Basic Education EMIS,OPEN,Gauteng,700890023,Independent,Independent ECD Centre,,
The Gospel Garden Pre-school O,Johannesburg,"GARDEN ROAD, Johannesburg, Gauteng",011 555 0100,,Department of Basic Education EMIS,OPEN,Gauteng,700700168,Independent,Independent ECD Centre,,
The Little Roses Day Care And Pre-school O,Johannesburg,"Johannesburg, Gauteng",011 614 0134,,Department of Basic Education EMIS,OPEN,Gauteng,700890098,Independent,Independent ECD Centre,,
The Wold Saxonwold Pre-primary O,Johannesburg,"RD, Johannesburg, Gauteng",011 646 9732,,Department of Basic Education EMIS,OPEN,Gauteng,700131458,Independent,Independent ECD Centre,,
Themba E Lihle Pre-school O,Johannesburg,"PELEPELESTREET SECTION, Johannesburg, Gauteng",011 221 1251,,Department of Basic Education EMIS,OPEN,Gauteng,700880038,Independent,Independent ECD Centre,,
Thulani Creche And Pre-school O,Johannesburg,"STREET, Johannesburg, Gauteng",011 221 1251,,Department of Basic Education EMIS,OPEN,Gauteng,700890073,Independent,Independent ECD Centre,,
Thusanong Day Care Centre O,Johannesburg,"3RD AVENUE, Johannesburg, Gauteng",011 555 0100,,Department of Basic Education EMIS,OPEN,Gauteng,700888159,Independent,Independent ECD Centre,,
Thuthukani Centre O,Johannesburg,"DRIVE, Johannesburg, Gauteng",011 555 0100,,Department of Basic Education EMIS,OPEN,Gauteng,700899101,Independent,Independent ECD Centre,,
Thuthukani Educational Centre O,Johannesburg,"STREET, Johannesburg, Gauteng",011 555 0100,,Department of Basic Education EMIS,OPEN,Gauteng,700888030,Independent,Independent ECD Centre,,
Tikkun Pre-school O,Johannesburg,"Johannesburg, Gauteng",072 463 8917,,Department of Basic Education EMIS,OPEN,Gauteng,700880030,Independent,Independent ECD Centre,,
Tiny Little Angels Kinder Garden O,Johannesburg,"GARDEN STREET, Johannesburg, Gauteng",011 484 5646,,Department of Basic Education EMIS,OPEN,Gauteng,700700272,Independent,Independent ECD Centre,,
Tinytots Creche And Pre-school O,Ekurhuleni,"STREET, Ekurhuleni, Gauteng",011 555 0100,,Department of Basic Education EMIS,OPEN,Gauteng,700161588,Independent,Independent ECD Centre,,
Toddler City Educare O,Johannesburg,"AVENUE, Johannesburg, Gauteng",011 443 3360,,Department of Basic Education EMIS,OPEN,Gauteng,700890009,Independent,Independent ECD Centre,,
Touch Life Centre O,Johannesburg,"STREET FORD STREET, Johannesburg, Gauteng",011 624 2449,,Department of Basic Education EMIS,OPEN,Gauteng,700700201,Independent,Independent ECD Centre,,
True Friends Creche And Pre-school O,Johannesburg,"STREET, Johannesburg, Gauteng",011 336 2955,,Department of Basic Education EMIS,OPEN,Gauteng,700700273,Independent,Independent ECD Centre,,
Tshimologo Child Development Centre O,Johannesburg,"Johannesburg, Gauteng",011 555 0100,,Department of Basic Education EMIS,OPEN,Gauteng,700890004,Independent,Independent ECD Centre,,
Tsholofelo Ya Tsholofetso Pre-school O,Johannesburg,"STREET, Johannesburg, Gauteng",011 483 0798,,Department of Basic Education EMIS,OPEN,Gauteng,700890072,Independent,Independent ECD Centre,,
Ukukhanyakwezwe Centre O,Johannesburg,"Johannesburg, Gauteng",011 444 3891,,Department of Basic Education EMIS,OPEN,Gauteng,700890015,Independent,Independent ECD Centre,,
Urban Kids Educentre O,Johannesburg,"STREET, Johannesburg, Gauteng",011 468 1950,,Department of Basic Education EMIS,OPEN,Gauteng,700700283,Independent,Independent ECD Centre,,
Victory Pre-school O,Johannesburg,"STREET, Johannesburg, Gauteng",072 918 5448,,Department of Basic Education EMIS,OPEN,Gauteng,700890030,Independent,Independent ECD Centre,,
Vukuzenzele Creche And Pre-school O,Johannesburg,"Johannesburg, Gauteng",011 555 0100,,Department of Basic Education EMIS,OPEN,Gauteng,700888225,Independent,Independent ECD Centre,,
Vuleka St Francis Early Learning Centre O,Johannesburg,"ROADS, Johannesburg, Gauteng",011 555 0100,,Department of Basic Education EMIS,OPEN,Gauteng,700701002,Independent,Independent ECD Centre,,
Vuleka St John's Early Learning Centre O,Johannesburg,"ROADS, BENMORE, Johannesburg, Gauteng",011 555 0100,,Department of Basic Education EMIS,OPEN,Gauteng,700701001,Independent,Independent ECD Centre,,
Vuleka St Martin's Early Learning Centre O,Johannesburg,"AVE, Johannesburg, Gauteng",011 555 0100,,Department of Basic Education EMIS,OPEN,Gauteng,700701003,Independent,Independent ECD Centre,,
Wings Of Hopeo,Johannesburg,"STREET, Johannesburg, Gauteng",011 618 1435,,Department of Basic Education EMIS,OPEN,Gauteng,700890096,Independent,Independent ECD Centre,,
Zenith Pre-school And Dayc Care Centre O,Johannesburg,"HOUSEPRITGHARD, Johannesburg, Gauteng",011 336 1756,,Department of Basic Education EMIS,OPEN,Gauteng,700700204,Independent,Independent ECD Centre,,
Bawenzile Creche O,Johannesburg,"DRIVE, Johannesburg, Gauteng",079 159 9054,,Department of Basic Education EMIS,OPEN,Gauteng,700899917,Independent,Independent ECD Centre,,
Blair Atholl Pre Primary School O,Johannesburg,"RD, Johannesburg, Gauteng",082 776 4739,,Department of Basic Education EMIS,OPEN,Gauteng,700251207,Independent,Independent ECD Centre,,
Bosmont Nursery School O,Johannesburg,"BARNARD AVENUE, Johannesburg, Gauteng",011 474 8249,,Department of Basic Education EMIS,OPEN,Gauteng,700154211,Independent,Independent ECD Centre,,
Bright Start Pre School O,Johannesburg,"Johannesburg, Gauteng",011 316 4555,,Department of Basic Education EMIS,OPEN,Gauteng,700700177,Independent,Independent ECD Centre,,
Brixton Early Childhood Development And Training Center O,Johannesburg,"STREET, Johannesburg, Gauteng",011 837 4250,,Department of Basic Education EMIS,OPEN,Gauteng,700130773,Independent,Independent ECD Centre,,
Chatterbox Nusery O,Johannesburg,"AVENUE, Johannesburg, Gauteng",011 787 8533,,Department of Basic Education EMIS,OPEN,Gauteng,700150268,Independent,Independent ECD Centre,,
Child Educare Centre O,Johannesburg,"AVENUE, Johannesburg, Gauteng",011 793 6775,,Department of Basic Education EMIS,OPEN,Gauteng,700150276,Independent,Independent ECD Centre,,
Cottonnails Nursery School O,Johannesburg,"DRIVE, Johannesburg, Gauteng",011 678 5569,,Department of Basic Education EMIS,OPEN,Gauteng,700899920,Independent,Independent ECD Centre,,
Diepsloot Pre-school O,Johannesburg,"Johannesburg, Gauteng",011 555 0100,,Department of Basic Education EMIS,OPEN,Gauteng,700700959,Independent,Independent ECD Centre,,
Fledglings Pre-primary School O,Johannesburg,"Johannesburg, Gauteng",011 886 9018,,Department of Basic Education EMIS,OPEN,Gauteng,700150458,Independent,Independent ECD Centre,,
Fnb Kidz First Pre Primary O,Johannesburg,"STREET, Johannesburg, Gauteng",087 312 3908,,Department of Basic Education EMIS,OPEN,Gauteng,700700285,Independent,Independent ECD Centre,,
Happy Chappies Kindergarten O,Johannesburg,"STREET, Johannesburg, Gauteng",011 478 0682,,Department of Basic Education EMIS,OPEN,Gauteng,700225852,Independent,Independent ECD Centre,,
House Of Glory Children Care Centre O,Johannesburg,"STREET, Johannesburg, Gauteng",011 555 0100,,Department of Basic Education EMIS,OPEN,Gauteng,700700966,Independent,Independent ECD Centre,,
Humpty Dumpty Playschool O,Johannesburg,"STREET, Johannesburg, Gauteng",011 792 6989,,Department of Basic Education EMIS,OPEN,Gauteng,700899925,Independent,Independent ECD Centre,,
Kids Incoratedo,Johannesburg,"AVE, Johannesburg, Gauteng",011 793 2120,,Department of Basic Education EMIS,OPEN,Gauteng,700899902,Independent,Independent ECD Centre,,
King David Primary Victory Park O,Johannesburg,"ROAD, Johannesburg, Gauteng",011 555 0100,,Department of Basic Education EMIS,OPEN,Gauteng,700150722,Independent,Independent ECD Centre,,
Kwena Molapo Pre School O,Johannesburg,"Johannesburg, Gauteng",011 555 0100,,Department of Basic Education EMIS,OPEN,Gauteng,700700530,Independent,Independent ECD Centre,,
Land Of Joy Day Care Centre O,Johannesburg,"Johannesburg, Gauteng",011 528 1129,,Department of Basic Education EMIS,OPEN,Gauteng,700700850,Independent,Independent ECD Centre,,
Lehae Pre School O,Johannesburg,"STREET, Johannesburg, Gauteng",011 025 7104,,Department of Basic Education EMIS,OPEN,Gauteng,700700716,Independent,Independent ECD Centre,,
Lgs Dynamics O,Johannesburg,"Johannesburg, Gauteng",082 932 5255,,Department of Basic Education EMIS,OPEN,Gauteng,700899903,Independent,Independent ECD Centre,,
Little Busy Beeso,Johannesburg,"Johannesburg, Gauteng",011 474 0631,,Department of Basic Education EMIS,OPEN,Gauteng,700888040,Independent,Independent ECD Centre,,
Little People Pre School And Care Centre O,Johannesburg,"STR, Johannesburg, Gauteng",011 474 0631,,Department of Basic Education EMIS,OPEN,Gauteng,700141333,Independent,Independent ECD Centre,,
Little Roses Nursery Pre And Grade School O,Johannesburg,"Johannesburg, Gauteng",072 100 8226,,Department of Basic Education EMIS,OPEN,Gauteng,700700615,Independent,Independent ECD Centre,,
Mary Immaculate Nursery School O,Johannesburg,"ROAD, Johannesburg, Gauteng",011 882 6800,,Department of Basic Education EMIS,OPEN,Gauteng,700150946,Independent,Independent ECD Centre,,
Melville Pre-primary O,Johannesburg,"AVENUE, Johannesburg, Gauteng",011 726 3402,,Department of Basic Education EMIS,OPEN,Gauteng,700130997,Independent,Independent ECD Centre,,
Microkidz Nursery School Greymont O,Johannesburg,"STREET, Johannesburg, Gauteng",011 477 8625,,Department of Basic Education EMIS,OPEN,Gauteng,700140194,Independent,Independent ECD Centre,,
Ms Motts Motherland Nursery School O,Johannesburg,"AVENUE, Johannesburg, Gauteng",011 477 9255,,Department of Basic Education EMIS,OPEN,Gauteng,700899906,Independent,Independent ECD Centre,,
Nellies Own Day Care O,Johannesburg,"STREET, Johannesburg, Gauteng",011 985 1544,,Department of Basic Education EMIS,OPEN,Gauteng,700111038,Independent,Independent ECD Centre,,
Noddy Pre Primary O,Johannesburg,"PRITCHARD STREET, Johannesburg, Gauteng",011 402 7885,,Department of Basic Education EMIS,OPEN,Gauteng,700700626,Independent,Independent ECD Centre,,
Northcliff Nursery Schhol O,Johannesburg,"RD, Johannesburg, Gauteng",011 678 1529,,Department of Basic Education EMIS,OPEN,Gauteng,700151043,Independent,Independent ECD Centre,,
Northcliff Pre-primary O,Johannesburg,"ROAD, Johannesburg, Gauteng",011 678 5511,,Department of Basic Education EMIS,OPEN,Gauteng,700899907,Independent,Independent ECD Centre,,
Octavia Pre School O,Johannesburg,"ROAD FORDSBURG, Johannesburg, Gauteng",011 492 0956,,Department of Basic Education EMIS,OPEN,Gauteng,700700176,Independent,Independent ECD Centre,,
Pamperlang Kleuterskool 37kings Ave Windsor Glen O,Johannesburg,"AVE AVENUE, Johannesburg, Gauteng",011 678 0769,,Department of Basic Education EMIS,OPEN,Gauteng,700700627,Independent,Independent ECD Centre,,
Panda Pen Nursery School O,Johannesburg,"ROAD, Johannesburg, Gauteng",011 792 4557,,Department of Basic Education EMIS,OPEN,Gauteng,700151084,Independent,Independent ECD Centre,,
Pathways Nursery School O,Johannesburg,"STREET, Johannesburg, Gauteng",011 888 4929,,Department of Basic Education EMIS,OPEN,Gauteng,700700207,Independent,Independent ECD Centre,,
Preprimere Skool Fontain Ebleau O,Johannesburg,"Johannesburg, Gauteng",011 782 8465,,Department of Basic Education EMIS,OPEN,Gauteng,700151175,Independent,Independent ECD Centre,,
Preprimere Skool Reenboogland O,Johannesburg,"ROAD, Johannesburg, Gauteng",011 477 4213,,Department of Basic Education EMIS,OPEN,Gauteng,700252171,Independent,Independent ECD Centre,,
Progress Khulakahle Days' Pre O,Johannesburg,"Johannesburg, Gauteng",011 555 0100,,Department of Basic Education EMIS,OPEN,Gauteng,700700717,Independent,Independent ECD Centre,,
Realeboga Pre Primary School O,Johannesburg,"Johannesburg, Gauteng",010 222 0014,,Department of Basic Education EMIS,OPEN,Gauteng,700880098,Independent,Independent ECD Centre,,
Roosevelt Park Nursery School Association O,Johannesburg,"Johannesburg, Gauteng",011 782 7212,,Department of Basic Education EMIS,OPEN,Gauteng,700151431,Independent,Independent ECD Centre,,
Savf Preprimere Skoll Leeujieland O,Johannesburg,"Johannesburg, Gauteng",011 477 8613,,Department of Basic Education EMIS,OPEN,Gauteng,700700636,Independent,Independent ECD Centre,,
Scooby Doo ECD Centre O,Johannesburg,"STREET, Johannesburg, Gauteng",011 555 0100,,Department of Basic Education EMIS,OPEN,Gauteng,700700637,Independent,Independent ECD Centre,,
Sharonlea Childcare O,Johannesburg,"Johannesburg, Gauteng",011 555 0100,,Department of Basic Education EMIS,OPEN,Gauteng,700151530,Independent,Independent ECD Centre,,
Smallways Nursery School O,Johannesburg,"ROAD, Johannesburg, Gauteng",011 888 5200,,Department of Basic Education EMIS,OPEN,Gauteng,700151563,Independent,Independent ECD Centre,,
Swan Nursery School O,Johannesburg,"Johannesburg, Gauteng",011 793 1642,,Department of Basic Education EMIS,OPEN,Gauteng,700151704,Independent,Independent ECD Centre,,
Thabile Nursery School O,Johannesburg,"ROAD, Johannesburg, Gauteng",011 555 0100,,Department of Basic Education EMIS,OPEN,Gauteng,700700718,Independent,Independent ECD Centre,,
Thandanani Day Care O,Johannesburg,"ROAD, Johannesburg, Gauteng",011 477 5073,,Department of Basic Education EMIS,OPEN,Gauteng,700700653,Independent,Independent ECD Centre,,
The Applessed Nursery School O,Johannesburg,"Johannesburg, Gauteng",082 488 5167,,Department of Basic Education EMIS,OPEN,Gauteng,700213921,Independent,Independent ECD Centre,,
The Play Houseo,Johannesburg,"ROAD, Johannesburg, Gauteng",011 792 0660,,Department of Basic Education EMIS,OPEN,Gauteng,700899911,Independent,Independent ECD Centre,,
The Willows Nursery School O,Johannesburg,"GARDEN ROAD BORDEAX GARDEN ROAD, Johannesburg, Gauteng",011 787 8293,,Department of Basic Education EMIS,OPEN,Gauteng,700899912,Independent,Independent ECD Centre,,
Ubuhle Bemfundo Pre Combined Day Care O,Johannesburg,"Johannesburg, Gauteng",011 985 0599,,Department of Basic Education EMIS,OPEN,Gauteng,700888123,Independent,Independent ECD Centre,,
Wendys Play And Pre School O,Johannesburg,"Johannesburg, Gauteng",011 793 6236,,Department of Basic Education EMIS,OPEN,Gauteng,700899914,Independent,Independent ECD Centre,,
Wonderworld Pre-primary School O,Johannesburg,"AVENUE, Johannesburg, Gauteng",011 787 8295,,Department of Basic Education EMIS,OPEN,Gauteng,700151969,Independent,Independent ECD Centre,,
Adored Lillies Ed Care,Johannesburg,"Johannesburg, Gauteng",011 039 3226,,Department of Basic Education EMIS,PENDING CLOSE,Gauteng,700700707,Public,Public ECD Centre,,
Arthur Campbell Edu Care O,Johannesburg,"CAVENDISH ROAD, Johannesburg, Gauteng",011 342 6178,,Department of Basic Education EMIS,OPEN,Gauteng,700121021,Independent,Independent ECD Centre,,
Bizzy Kidz Montessori O,Johannesburg,"CRESCENT, Johannesburg, Gauteng",011 852 4887,,Department of Basic Education EMIS,OPEN,Gauteng,700700251,Independent,Independent ECD Centre,,
Cradle To Crayons ECD Center O,Johannesburg,"Johannesburg, Gauteng",011 555 0100,,Department of Basic Education EMIS,OPEN,Gauteng,700700822,Independent,Independent ECD Centre,,
Cuddle Inn Nursery School O,Johannesburg,"ROAD, Johannesburg, Gauteng",011 432 3671,,Department of Basic Education EMIS,OPEN,Gauteng,700111591,Independent,Independent ECD Centre,,
Graceland Nursery School O,Johannesburg,"STREET, Johannesburg, Gauteng",011 435 1309,,Department of Basic Education EMIS,OPEN,Gauteng,700120535,Independent,Independent ECD Centre,,
Homestead Park Muslim Nursery Pre School O,Johannesburg,"STREET, Johannesburg, Gauteng",082 644 9298,,Department of Basic Education EMIS,OPEN,Gauteng,700700286,Independent,Independent ECD Centre,,
Honey Bees Nursery School O,Johannesburg,"AVENUE, Johannesburg, Gauteng",011 555 0100,,Department of Basic Education EMIS,OPEN,Gauteng,700700419,Independent,Independent ECD Centre,,
Imfundo Thutoo,Johannesburg,"STRETFORD, Johannesburg, Gauteng",072 249 7974,,Department of Basic Education EMIS,OPEN,Gauteng,700700069,Independent,Independent ECD Centre,,
Jolly ECD Center O,Johannesburg,"Johannesburg, Gauteng",011 943 1346,,Department of Basic Education EMIS,OPEN,Gauteng,700700451,Independent,Independent ECD Centre,,
Kiddi Kona Pre School O,Johannesburg,"ROAD, Johannesburg, Gauteng",011 943 1100,,Department of Basic Education EMIS,OPEN,Gauteng,700110452,Independent,Independent ECD Centre,,
Kids Stuff Too Cc O,Johannesburg,"ROAD, Johannesburg, Gauteng",011 435 7640,,Department of Basic Education EMIS,OPEN,Gauteng,700700489,Independent,Independent ECD Centre,,
Lerato Education Center O,Johannesburg,"Johannesburg, Gauteng",011 680 6631,,Department of Basic Education EMIS,OPEN,Gauteng,700889140,Independent,Independent ECD Centre,,
Little Sheperd Educare Centre O,Johannesburg,"SHEPERD STR, Johannesburg, Gauteng",011 555 0100,,Department of Basic Education EMIS,OPEN,Gauteng,700700617,Independent,Independent ECD Centre,,
Little Stars Pre-school And Daycare O,Johannesburg,"STREET, Johannesburg, Gauteng",011 857 2380,,Department of Basic Education EMIS,OPEN,Gauteng,700700618,Independent,Independent ECD Centre,,
Magick Mushroom School O,Johannesburg,"STREET GARDEN, Johannesburg, Gauteng",083 699 0958,,Department of Basic Education EMIS,OPEN,Gauteng,700700212,Independent,Independent ECD Centre,,
Net Bietjie Liefde Pre School O,Johannesburg,"STREET ENNERDALE ENNERDALE, Johannesburg, Gauteng",011 855 1850,,Department of Basic Education EMIS,OPEN,Gauteng,700888169,Independent,Independent ECD Centre,,
Osizweni ECD O,Johannesburg,"STREET ENNERDALE, Johannesburg, Gauteng",011 211 3105,,Department of Basic Education EMIS,OPEN,Gauteng,700700210,Independent,Independent ECD Centre,,
Robbies Care Centre O,Johannesburg,"AVENUE, Johannesburg, Gauteng",011 943 1116,,Department of Basic Education EMIS,OPEN,Gauteng,700110502,Independent,Independent ECD Centre,,
Simpsons Little Learners Academy O,Johannesburg,"Johannesburg, Gauteng",011 432 1435,,Department of Basic Education EMIS,OPEN,Gauteng,700700820,Independent,Independent ECD Centre,,
Towerby Pre Primary School O,Johannesburg,"ROAD, Johannesburg, Gauteng",078 239 1156,,Department of Basic Education EMIS,OPEN,Gauteng,700700068,Independent,Independent ECD Centre,,
Boitumelo Day Care O,Johannesburg,"STREET, Johannesburg, Gauteng",011 989 4034,,Department of Basic Education EMIS,OPEN,Gauteng,700890059,Independent,Independent ECD Centre,,
Bosele Educare And Preschool O,Johannesburg,"STREET, Johannesburg, Gauteng",011 393 3876,,Department of Basic Education EMIS,OPEN,Gauteng,700888047,Independent,Independent ECD Centre,,
Bright Future Educare Center O,Johannesburg,"STREET, Johannesburg, Gauteng",011 555 0100,,Department of Basic Education EMIS,OPEN,Gauteng,700890060,Independent,Independent ECD Centre,,
Buzy Beez Nursery School O,Johannesburg,"Johannesburg, Gauteng",011 760 2834,,Department of Basic Education EMIS,OPEN,Gauteng,700700175,Independent,Independent ECD Centre,,
Cinderela Nursery O,Johannesburg,"AVENUE, Johannesburg, Gauteng",011 672 2825,,Department of Basic Education EMIS,OPEN,Gauteng,700250076,Independent,Independent ECD Centre,,
Constantia Nursery School O,Johannesburg,"STR, Johannesburg, Gauteng",011 679 1415,,Department of Basic Education EMIS,OPEN,Gauteng,700250100,Independent,Independent ECD Centre,,
Dei Gratia Nursery O,Johannesburg,"AVE, Johannesburg, Gauteng",071 504 4086,,Department of Basic Education EMIS,OPEN,Gauteng,700700277,Independent,Independent ECD Centre,,
From The Heart Care Centre O,Johannesburg,"ROAD, Johannesburg, Gauteng",011 831 5321,,Department of Basic Education EMIS,OPEN,Gauteng,700890061,Independent,Independent ECD Centre,,
Greenville Day Care Center O,Johannesburg,"GREENVILLAGE GREENVILLAGE, Johannesburg, Gauteng",011 272 2406,,Department of Basic Education EMIS,OPEN,Gauteng,700880006,Independent,Independent ECD Centre,,
Horizon View Nursery O,Johannesburg,"AVENUE, Johannesburg, Gauteng",011 760 2829,,Department of Basic Education EMIS,OPEN,Gauteng,700250415,Independent,Independent ECD Centre,,
Huggy Bear Nursery School O,Johannesburg,"ROAD, Johannesburg, Gauteng",011 764 4155,,Department of Basic Education EMIS,OPEN,Gauteng,700250282,Independent,Independent ECD Centre,,
Human People To People O,Johannesburg,"Johannesburg, Gauteng",011 765 4055,,Department of Basic Education EMIS,OPEN,Gauteng,700890058,Independent,Independent ECD Centre,,
Kammaland Academy O,Johannesburg,"AVE, Johannesburg, Gauteng",082 824 1824,,Department of Basic Education EMIS,OPEN,Gauteng,700250431,Independent,Independent ECD Centre,,
Kleuterhoekieo,Johannesburg,"STREET, Johannesburg, Gauteng",011 672 3344,,Department of Basic Education EMIS,OPEN,Gauteng,700250357,Independent,Independent ECD Centre,,
Little Flowers Day Care O,Johannesburg,"ROAD, Johannesburg, Gauteng",011 024 9754,,Department of Basic Education EMIS,OPEN,Gauteng,700700614,Independent,Independent ECD Centre,,
Peter Heidi Nursery School O,Johannesburg,"STREET, Johannesburg, Gauteng",011 555 0100,,Department of Basic Education EMIS,OPEN,Gauteng,700250936,Independent,Independent ECD Centre,,
Reabarata Edu Care O,Johannesburg,"Johannesburg, Gauteng",011 555 0100,,Department of Basic Education EMIS,OPEN,Gauteng,700700631,Independent,Independent ECD Centre,,
Sterretjie Kleuterskool O,Johannesburg,"STR, Johannesburg, Gauteng",011 555 0100,,Department of Basic Education EMIS,OPEN,Gauteng,700250514,Independent,Independent ECD Centre,,
Sunshine Daycare And Preschool O,Johannesburg,"ROAD, Johannesburg, Gauteng",011 988 2894,,Department of Basic Education EMIS,OPEN,Gauteng,700880003,Independent,Independent ECD Centre,,
Thembelihle Day Car And Pre-schhool O,Johannesburg,"Johannesburg, Gauteng",011 555 0100,,Department of Basic Education EMIS,OPEN,Gauteng,700700660,Independent,Independent ECD Centre,,
Tiny Tots Nursery O,Johannesburg,"STREET STRUBENSVALLEY, Johannesburg, Gauteng",011 679 1313,,Department of Basic Education EMIS,OPEN,Gauteng,700250530,Independent,Independent ECD Centre,,
Wilropark Nursery School O,Johannesburg,"Johannesburg, Gauteng",011 764 2829,,Department of Basic Education EMIS,OPEN,Gauteng,700250548,Independent,Independent ECD Centre,,
Al-huda Pre And Creche O,Vereeniging,"DISTRICT ROAD, Vereeniging, Gauteng",072 055 0916,,Department of Basic Education EMIS,OPEN,Gauteng,700880084,Independent,Independent ECD Centre,,
Candyland Educational Cetre O,Brits,"DISTRICT STREET, Brits, Gauteng",082 640 5210,,Department of Basic Education EMIS,OPEN,Gauteng,700330092,Independent,Independent ECD Centre,,
Chaba - Vela Pre School O,Heidelberg,"DISTRICT STREET 1278,HEIDELBERG,2400, Heidelberg, Gauteng",011 555 0100,,Department of Basic Education EMIS,OPEN,Gauteng,700340489,Independent,Independent ECD Centre,,
Dadaville Garden Pre - Primary School O,Vereeniging,"GARDEN DISTRICT, Vereeniging, Gauteng",016 556 3392,,Department of Basic Education EMIS,OPEN,Gauteng,700331850,Independent,Independent ECD Centre,,
Disa Preprimere Skool O,Meyerton,"DISTRICT SHIPPARD STREET, Meyerton, Gauteng",016 362 0731,,Department of Basic Education EMIS,OPEN,Gauteng,700330530,Independent,Independent ECD Centre,,
Educare-sunshine Pre-school O,Vereeniging,"DISTRICT STREET, Vereeniging, Gauteng",016 556 2391,,Department of Basic Education EMIS,OPEN,Gauteng,700880085,Independent,Independent ECD Centre,,
El-zabad Christian Academy Pre-school O,Vereeniging,"DISTRICT, Vereeniging, Gauteng",016 451 4711,,Department of Basic Education EMIS,OPEN,Gauteng,700880086,Independent,Independent ECD Centre,,
Impumelelo Day Care & Pre School O,Gauteng,"Gauteng, Gauteng",011 555 0100,,Department of Basic Education EMIS,OPEN,Gauteng,700700950,Independent,Independent ECD Centre,,
Intuthuko Nqubela D.c & Pre-school O,Heidelberg,"AVENUE, Heidelberg, Gauteng",011 555 0100,,Department of Basic Education EMIS,OPEN,Gauteng,700700422,Independent,Independent ECD Centre,,
Itumeleng Day Care Centre O,Heidelberg,"STREET, Heidelberg, Gauteng",011 555 0100,,Department of Basic Education EMIS,OPEN,Gauteng,700700427,Independent,Independent ECD Centre,,
Johrelka O,Vereeniging,"DISTRICT STREET, Vereeniging, Gauteng",016 556 2454,,Department of Basic Education EMIS,OPEN,Gauteng,700880087,Independent,Independent ECD Centre,,
Kleuterskool Sonlandpark O,Vereeniging,"DISTRICT, Vereeniging, Gauteng",016 429 3221,,Department of Basic Education EMIS,OPEN,Gauteng,700330290,Independent,Independent ECD Centre,,
Lehae La Bana Day Care O,Heidelberg,"Heidelberg, Gauteng",011 555 0100,,Department of Basic Education EMIS,OPEN,Gauteng,700700819,Independent,Independent ECD Centre,,
Leratong Early Childhood Development,Gauteng,"Gauteng, Gauteng",074 543 2907,,Department of Basic Education EMIS,PENDING CLOSE,Gauteng,700701085,Public,Public ECD Centre,,
Lethabong Preschool O,Vereeniging,"DISTRICT, Vereeniging, Gauteng",072 106 6258,,Department of Basic Education EMIS,OPEN,Gauteng,700880088,Independent,Independent ECD Centre,,
Lindokuhle Day Care O,Heidelberg,"STREET, Heidelberg, Gauteng",011 555 0100,,Department of Basic Education EMIS,OPEN,Gauteng,700700560,Independent,Independent ECD Centre,,
Mpumelelo Day Care & Pre O,Vereeniging,"STR, Vereeniging, Gauteng",011 555 0100,,Department of Basic Education EMIS,OPEN,Gauteng,700700624,Independent,Independent ECD Centre,,
Pinkie Poenk Kleuterskool O,Vereeniging,"DISTRICT AVE, Vereeniging, Gauteng",016 422 1733,,Department of Basic Education EMIS,OPEN,Gauteng,700330274,Independent,Independent ECD Centre,,
Pre-primary School Henley O,Meyerton,"DISTRICT ROAD STREET, Meyerton, Gauteng",016 366 0716,,Department of Basic Education EMIS,OPEN,Gauteng,700330555,Independent,Independent ECD Centre,,
Prince And Princess O,Vereeniging,"DISTRICT, Vereeniging, Gauteng",016 423 7565,,Department of Basic Education EMIS,OPEN,Gauteng,700888073,Independent,Independent ECD Centre,,
Ratanda Day Care Centre O,Heidelberg,"DISTRICT STREET STREET, Heidelberg, Gauteng",016 343 8776,,Department of Basic Education EMIS,OPEN,Gauteng,700880090,Independent,Independent ECD Centre,,
Ratanda Thandisizwe Day Care O,Heidelberg,"MOHALANE STR, Heidelberg, Gauteng",082 220 2158,,Department of Basic Education EMIS,OPEN,Gauteng,700700630,Independent,Independent ECD Centre,,
Relebohile Day Care And Pre - School,Gauteng,"Gauteng, Gauteng",082 314 9688,,Department of Basic Education EMIS,PENDING CLOSE,Gauteng,700701086,Public,Public ECD Centre,,
Roshnee Nursery Preschool O,Vereeniging,"DISTRICT DRIVE, Vereeniging, Gauteng",016 556 1292,,Department of Basic Education EMIS,OPEN,Gauteng,700880089,Independent,Independent ECD Centre,,
S.a Redcross Nursery School O,Vereeniging,"AVE, Vereeniging, Gauteng",011 555 0100,,Department of Basic Education EMIS,OPEN,Gauteng,700700990,Independent,Independent ECD Centre,,
St Nicholas Nursery School O,Vereeniging,"DISTRICT ROAD, Vereeniging, Gauteng",016 423 6565,,Department of Basic Education EMIS,OPEN,Gauteng,700330647,Independent,Independent ECD Centre,,
Tebohong Day Care School O,Vereeniging,"STREET, Vereeniging, Gauteng",011 555 0100,,Department of Basic Education EMIS,OPEN,Gauteng,700700452,Independent,Independent ECD Centre,,
Thandanani Preschool O,Vereeniging,"STREET, Vereeniging, Gauteng",011 555 0100,,Department of Basic Education EMIS,OPEN,Gauteng,700700997,Independent,Independent ECD Centre,,
Thuto - Boholo Pre - School O,Vereeniging,"STREET, Vereeniging, Gauteng",016 451 1641,,Department of Basic Education EMIS,OPEN,Gauteng,700700453,Independent,Independent ECD Centre,,
Thuto Ke Lefa Day Care Centre O,Heidelberg,"Heidelberg, Gauteng",011 555 0100,,Department of Basic Education EMIS,OPEN,Gauteng,700700662,Independent,Independent ECD Centre,,
Boipatong Pre Primary O,Rustenburg,"DISTRICT STREET 1273,BOIPATONG,1901, Rustenburg, Gauteng",078 130 5568,,Department of Basic Education EMIS,OPEN,Gauteng,700320333,Independent,Independent ECD Centre,,
Bonang Day Care Centre O,Evaton,"STREET STREET, Evaton, Gauteng",011 555 0100,,Department of Basic Education EMIS,OPEN,Gauteng,700700205,Independent,Independent ECD Centre,,
Bontle Pre School / Creche O,Sebokeng,"STREET, Sebokeng, Gauteng",011 555 0100,,Department of Basic Education EMIS,OPEN,Gauteng,700700202,Independent,Independent ECD Centre,,
Bophelong Place Of Care O,Vereeniging,"DISTRICT STREET 1273,BOPHELONG,1902, Vereeniging, Gauteng",084 532 9881,,Department of Basic Education EMIS,OPEN,Gauteng,700321976,Independent,Independent ECD Centre,,
Community Pre-school / Creche O,Vanderbijlpark,"STREET, Vanderbijlpark, Gauteng",011 555 0100,,Department of Basic Education EMIS,OPEN,Gauteng,700700455,Independent,Independent ECD Centre,,
Gugulethu Pre Primary O,Sebokeng,"DISTRICT, Sebokeng, Gauteng",076 890 5696,,Department of Basic Education EMIS,OPEN,Gauteng,700320564,Independent,Independent ECD Centre,,
Ikhwezi Crecheo,Sebokeng,"DISTRICT, Sebokeng, Gauteng",076 890 5696,,Department of Basic Education EMIS,OPEN,Gauteng,700320572,Independent,Independent ECD Centre,,
Kaisano Creche & Pre-school O,Vanderbijlpark,"DISTRICT, Vanderbijlpark, Gauteng",073 555 2785,,Department of Basic Education EMIS,OPEN,Gauteng,700888063,Independent,Independent ECD Centre,,
Kammaland Kleuterskool O,Gauteng,"DISTRICT STREET, Gauteng, Gauteng",016 933 1772,,Department of Basic Education EMIS,OPEN,Gauteng,700320069,Independent,Independent ECD Centre,,
Kleuterland Kleuterskool O,Gauteng,"DISTRICT, Gauteng, Gauteng",016 981 1103,,Department of Basic Education EMIS,OPEN,Gauteng,700320077,Independent,Independent ECD Centre,,
Lebohang Creche And Pre School O,Sebokeng,"Sebokeng, Gauteng",016 593 1692,,Department of Basic Education EMIS,OPEN,Gauteng,700700459,Independent,Independent ECD Centre,,
Lerato-uthando Crech And Pre-school O,Vanderbijlpark,"DISTRICT ROAD, Vanderbijlpark, Gauteng",072 105 4111,,Department of Basic Education EMIS,OPEN,Gauteng,700321190,Independent,Independent ECD Centre,,
Mamello Montessori O,Evaton,"STREET, Evaton, Gauteng",076 842 2971,,Department of Basic Education EMIS,OPEN,Gauteng,700700179,Independent,Independent ECD Centre,,
Motlatsi Creche O,Sebokeng,"DISTRICT STREET, Sebokeng, Gauteng",016 594 1623,,Department of Basic Education EMIS,OPEN,Gauteng,700321034,Independent,Independent ECD Centre,,
Nkululeko-educare Center O,Gauteng,"DISTRICT, Gauteng, Gauteng",073 386 3516,,Department of Basic Education EMIS,OPEN,Gauteng,700890093,Independent,Independent ECD Centre,,
Ntataise Pre- School & Creche O,Sebokeng,"DISTRICT ROAD, Sebokeng, Gauteng",083 329 5804,,Department of Basic Education EMIS,OPEN,Gauteng,700888071,Independent,Independent ECD Centre,,
Phutoloha Pre School O,Vereeniging,"DISTRICT, Vereeniging, Gauteng",016 594 3453,,Department of Basic Education EMIS,OPEN,Gauteng,700899935,Independent,Independent ECD Centre,,
Progress Pre School And Day Care Centre O,Evaton,"DISTRICT, Evaton, Gauteng",016 986 3867,,Department of Basic Education EMIS,OPEN,Gauteng,700890094,Independent,Independent ECD Centre,,
Refuwe Day Care Center O,Gauteng,"Gauteng, Gauteng",011 555 0100,,Department of Basic Education EMIS,OPEN,Gauteng,700700460,Independent,Independent ECD Centre,,
Sisonke Early Childhood Development O,Gauteng,"DISTRICT AVENUE, Gauteng, Gauteng",083 410 9953,,Department of Basic Education EMIS,OPEN,Gauteng,700880051,Independent,Independent ECD Centre,,
Sunrise Angles Day Care O,Sebokeng,"DISTRICT, Sebokeng, Gauteng",073 788 9816,,Department of Basic Education EMIS,OPEN,Gauteng,700880050,Independent,Independent ECD Centre,,
Teddy Bear Nursery School O,Vanderbijlpark,"DISTRICT RUTHERFORD, Vanderbijlpark, Gauteng",016 933 2261,,Department of Basic Education EMIS,OPEN,Gauteng,700320242,Independent,Independent ECD Centre,,
Thabong Creche And Pre School O,Sebokeng,"DISTRICT STREET, Sebokeng, Gauteng",016 989 2872,,Department of Basic Education EMIS,OPEN,Gauteng,700880056,Independent,Independent ECD Centre,,
Tjokkerland 2 Nursery School O,Vanderbijlpark,"DISTRICT STREET, Vanderbijlpark, Gauteng",016 982 1551,,Department of Basic Education EMIS,OPEN,Gauteng,700331686,Independent,Independent ECD Centre,,
Xolani Crech O,Sebokeng,"DISTRICT STREET, Sebokeng, Gauteng",016 594 2663,,Department of Basic Education EMIS,OPEN,Gauteng,700321729,Independent,Independent ECD Centre,,
Are Itireleng Community Pre Schoo And Creche O,Tshwane,"VILLAGE, Tshwane, Gauteng",012 711 3039,,Department of Basic Education EMIS,OPEN,Gauteng,700888046,Independent,Independent ECD Centre,,
Aregoleng Day Care 54 Unit D Temba O,Tshwane,"Tshwane, Gauteng",011 555 0100,,Department of Basic Education EMIS,OPEN,Gauteng,700888141,Independent,Independent ECD Centre,,
Areithuteng Day Care Centre O,Tshwane,"Tshwane, Gauteng",011 555 0100,,Department of Basic Education EMIS,OPEN,Gauteng,700700472,Independent,Independent ECD Centre,,
Arise And Shine Day Care O,Tshwane,"Tshwane, Gauteng",082 439 2929,,Department of Basic Education EMIS,OPEN,Gauteng,700890100,Independent,Independent ECD Centre,,
Asha Day Care Centre O,Tshwane,"Tshwane, Gauteng",011 555 0100,,Department of Basic Education EMIS,OPEN,Gauteng,700888124,Independent,Independent ECD Centre,,
Atlega Otswelepele Creche O,Pretoria,"Pretoria, Gauteng",082 543 1012,,Department of Basic Education EMIS,OPEN,Gauteng,700700475,Independent,Independent ECD Centre,,
Atlegang Day Care Centre,Tshwane,"Tshwane, Gauteng",076 256 7716,,Department of Basic Education EMIS,PENDING CLOSE,Gauteng,700700735,Public,Public ECD Centre,,
Atlegang Early Learning O,Pretoria,"STREET VILLAGE, Pretoria, Gauteng",073 343 8146,,Department of Basic Education EMIS,OPEN,Gauteng,700700476,Independent,Independent ECD Centre,,
Bambinos Day Care Centre O,Pretoria,"Pretoria, Gauteng",012 711 0364,,Department of Basic Education EMIS,OPEN,Gauteng,700700477,Independent,Independent ECD Centre,,
Better Tomorow Day Care Centre O,Tshwane,"Tshwane, Gauteng",076 585 6560,,Department of Basic Education EMIS,OPEN,Gauteng,700700763,Independent,Independent ECD Centre,,
Boetumelong Early Childhood Development O,Pretoria,"Pretoria, Gauteng",082 720 9148,,Department of Basic Education EMIS,OPEN,Gauteng,700700478,Independent,Independent ECD Centre,,
Boiketlo Early Learning Centre O,Pretoria,"Pretoria, Gauteng",011 555 0100,,Department of Basic Education EMIS,OPEN,Gauteng,700700479,Independent,Independent ECD Centre,,
Boikhutsong Day Care O,Pretoria,"Pretoria, Gauteng",078 346 4810,,Department of Basic Education EMIS,OPEN,Gauteng,700700480,Independent,Independent ECD Centre,,
Boitshoko Education Learning Centre O,Tshwane,"Tshwane, Gauteng",082 674 9657,,Department of Basic Education EMIS,OPEN,Gauteng,700888085,Independent,Independent ECD Centre,,
Bokamoso Day Care Centre O,Tshwane,"SECTION, Tshwane, Gauteng",082 589 9787,,Department of Basic Education EMIS,OPEN,Gauteng,700888086,Independent,Independent ECD Centre,,
Bonang Day Care Centre O,Tshwane,"Tshwane, Gauteng",084 834 6673,,Department of Basic Education EMIS,OPEN,Gauteng,700700482,Independent,Independent ECD Centre,,
Bonolo Day Care O,Tshwane,"Tshwane, Gauteng",072 292 9968,,Department of Basic Education EMIS,OPEN,Gauteng,700700215,Independent,Independent ECD Centre,,
Bophelong Day Care Centre O,Tshwane,"STREET, Tshwane, Gauteng",012 717 3212,,Department of Basic Education EMIS,OPEN,Gauteng,700888087,Independent,Independent ECD Centre,,
Botlhale Day Care,Tshwane,"Tshwane, Gauteng",083 558 7244,,Department of Basic Education EMIS,PENDING CLOSE,Gauteng,700880800,Public,Public ECD Centre,,
Botshelo Day Care Centre O,Pretoria,"Pretoria, Gauteng",083 331 2037,,Department of Basic Education EMIS,OPEN,Gauteng,700700485,Independent,Independent ECD Centre,,
Botshelo Day Care Centre O,Tshwane,"Tshwane, Gauteng",011 555 0100,,Department of Basic Education EMIS,OPEN,Gauteng,700700693,Independent,Independent ECD Centre,,
Brilliant Kinder Garden And Nursery,Tshwane,"GARDEN, Tshwane, Gauteng",082 721 5527,,Department of Basic Education EMIS,PENDING CLOSE,Gauteng,700700757,Public,Public ECD Centre,,
Christian Pre School And Creche O,Tshwane,"Tshwane, Gauteng",083 581 6597,,Department of Basic Education EMIS,OPEN,Gauteng,700899007,Independent,Independent ECD Centre,,
Daantjie Kat Kleuterskool O,Tshwane,"TRICHARDT STREET, Tshwane, Gauteng",012 335 9028,,Department of Basic Education EMIS,OPEN,Gauteng,700230466,Independent,Independent ECD Centre,,
Ditshwanelo Early Learning Centre O,Pretoria,"ROAD, Pretoria, Gauteng",073 934 9608,,Department of Basic Education EMIS,OPEN,Gauteng,700700491,Independent,Independent ECD Centre,,
Donald Duck El Day Care Centre O,Tshwane,"Tshwane, Gauteng",082 648 3407,,Department of Basic Education EMIS,OPEN,Gauteng,700700670,Independent,Independent ECD Centre,,
Give Light Day Care Centre O,Tshwane,"Tshwane, Gauteng",071 144 7058,,Department of Basic Education EMIS,OPEN,Gauteng,700700688,Independent,Independent ECD Centre,,
Go Tumile Day Care Centre O,Tshwane,"Tshwane, Gauteng",012 717 7853,,Department of Basic Education EMIS,OPEN,Gauteng,700888091,Independent,Independent ECD Centre,,
God Cares Day Care Centre O,Tshwane,"STREET, Tshwane, Gauteng",012 717 5622,,Department of Basic Education EMIS,OPEN,Gauteng,700888089,Independent,Independent ECD Centre,,
God Grace Care Centre O,Tshwane,"Tshwane, Gauteng",011 555 0100,,Department of Basic Education EMIS,OPEN,Gauteng,700700677,Independent,Independent ECD Centre,,
Good Hope Day Care O,Tshwane,"Tshwane, Gauteng",011 555 0100,,Department of Basic Education EMIS,OPEN,Gauteng,700888090,Independent,Independent ECD Centre,,
Good Samaritan Day Care O,Pretoria,"Pretoria, Gauteng",011 555 0100,,Department of Basic Education EMIS,OPEN,Gauteng,700700501,Independent,Independent ECD Centre,,
Happy Landing Day Care Centre O,Tshwane,"Tshwane, Gauteng",011 555 0100,,Department of Basic Education EMIS,OPEN,Gauteng,700888092,Independent,Independent ECD Centre,,
Hlanganani Day Care O,Pretoria,"VILLAGE, Pretoria, Gauteng",078 304 7370,,Department of Basic Education EMIS,OPEN,Gauteng,700700505,Independent,Independent ECD Centre,,
Holy Cross Edu Care O,Tshwane,"Tshwane, Gauteng",012 799 3882,,Department of Basic Education EMIS,OPEN,Gauteng,700700506,Independent,Independent ECD Centre,,
Iketleng Day Care O,Tshwane,"Tshwane, Gauteng",079 473 1700,,Department of Basic Education EMIS,OPEN,Gauteng,700700725,Independent,Independent ECD Centre,,
Imameleng Day Care Centre O,Pretoria,"Pretoria, Gauteng",011 555 0100,,Department of Basic Education EMIS,OPEN,Gauteng,700700507,Independent,Independent ECD Centre,,
Imbalentle Day Care Centre O,Tshwane,"Tshwane, Gauteng",061 035 9268,,Department of Basic Education EMIS,OPEN,Gauteng,700700223,Independent,Independent ECD Centre,,
Isibonelo Early Learning Centre O,Pretoria,"Pretoria, Gauteng",012 713 2025,,Department of Basic Education EMIS,OPEN,Gauteng,700700510,Independent,Independent ECD Centre,,
Ithute Day Care Centre O,Pretoria,"SECTION, Pretoria, Gauteng",011 555 0100,,Department of Basic Education EMIS,OPEN,Gauteng,700700511,Independent,Independent ECD Centre,,
Ithuteng Day Care Centre O,Tshwane,"Tshwane, Gauteng",076 259 7036,,Department of Basic Education EMIS,OPEN,Gauteng,700888093,Independent,Independent ECD Centre,,
Ithuteng Early Child Day O,Tshwane,"Tshwane, Gauteng",076 124 5409,,Department of Basic Education EMIS,OPEN,Gauteng,700700514,Independent,Independent ECD Centre,,
Itsoseng Community Creche O,Pretoria,"Pretoria, Gauteng",071 340 4758,,Department of Basic Education EMIS,OPEN,Gauteng,700700515,Independent,Independent ECD Centre,,
Itsoseng Elc O,Tshwane,"Tshwane, Gauteng",011 555 0100,,Department of Basic Education EMIS,OPEN,Gauteng,700880044,Independent,Independent ECD Centre,,
Itumelemg Day Care Centre O,Tshwane,"Tshwane, Gauteng",076 277 5158,,Department of Basic Education EMIS,OPEN,Gauteng,700888094,Independent,Independent ECD Centre,,
Jabulani Day Care Centre O,Tshwane,"VILLAGE, Tshwane, Gauteng",072 460 4128,,Department of Basic Education EMIS,OPEN,Gauteng,700899929,Independent,Independent ECD Centre,,
Karabo Early Learing Center O,Pretoria,"Pretoria, Gauteng",073 760 4914,,Department of Basic Education EMIS,OPEN,Gauteng,700700517,Independent,Independent ECD Centre,,
Kgatelopele Day Care O,Tshwane,"Tshwane, Gauteng",011 555 0100,,Department of Basic Education EMIS,OPEN,Gauteng,700888095,Independent,Independent ECD Centre,,
Kgodisong Day Care Centre O,Tshwane,"Tshwane, Gauteng",011 555 0100,,Department of Basic Education EMIS,OPEN,Gauteng,700888096,Independent,Independent ECD Centre,,
Kgolagano Day Care Centre O,Tshwane,"Tshwane, Gauteng",082 534 9568,,Department of Basic Education EMIS,OPEN,Gauteng,700888097,Independent,Independent ECD Centre,,
Kgotso Ya Me Day Care Centre O,Tshwane,"Tshwane, Gauteng",012 717 8998,,Department of Basic Education EMIS,OPEN,Gauteng,700888098,Independent,Independent ECD Centre,,
Khutsong Day Care Centre O,Tshwane,"Tshwane, Gauteng",079 609 5133,,Department of Basic Education EMIS,OPEN,Gauteng,700700692,Independent,Independent ECD Centre,,
Kiddy Day Care Centre O,Pretoria,"SECTION, Pretoria, Gauteng",011 555 0100,,Department of Basic Education EMIS,OPEN,Gauteng,700700522,Independent,Independent ECD Centre,,
Kurisiwani Day Care O,Pretoria,"SECTION, Pretoria, Gauteng",011 555 0100,,Department of Basic Education EMIS,OPEN,Gauteng,700700524,Independent,Independent ECD Centre,,
Lebatlhabetse Early Learning Centre O,Tshwane,"Tshwane, Gauteng",011 555 0100,,Department of Basic Education EMIS,OPEN,Gauteng,700888045,Independent,Independent ECD Centre,,
Legae La Mme Day Care Centre O,Pretoria,"SECTION, Pretoria, Gauteng",011 555 0100,,Department of Basic Education EMIS,OPEN,Gauteng,700700526,Independent,Independent ECD Centre,,
Lehlabile Early Learning Centre O,Tshwane,"Tshwane, Gauteng",076 490 5460,,Department of Basic Education EMIS,OPEN,Gauteng,700888044,Independent,Independent ECD Centre,,
Leratong Early Learning Centre O,Tshwane,"Tshwane, Gauteng",012 797 4753,,Department of Basic Education EMIS,OPEN,Gauteng,700888062,Independent,Independent ECD Centre,,
Lesangbana Day Care O,Tshwane,"Tshwane, Gauteng",078 113 8943,,Department of Basic Education EMIS,OPEN,Gauteng,700700674,Independent,Independent ECD Centre,,
Leseding Day Care Centre O,Tshwane,"Tshwane, Gauteng",074 517 6735,,Department of Basic Education EMIS,OPEN,Gauteng,700700209,Independent,Independent ECD Centre,,
Lesego Day Care Centre O,Tshwane,"Tshwane, Gauteng",082 739 1611,,Department of Basic Education EMIS,OPEN,Gauteng,700888100,Independent,Independent ECD Centre,,
Lethabong Rona Day Care Centre O,Tshwane,"SECTION, Tshwane, Gauteng",078 683 7027,,Department of Basic Education EMIS,OPEN,Gauteng,700700672,Independent,Independent ECD Centre,,
Letlhabile Day Care Centre O,Tshwane,"Tshwane, Gauteng",072 175 5601,,Department of Basic Education EMIS,OPEN,Gauteng,700888101,Independent,Independent ECD Centre,,
Little Angles Community Centre O,Pretoria,"Pretoria, Gauteng",011 555 0100,,Department of Basic Education EMIS,OPEN,Gauteng,700700466,Independent,Independent ECD Centre,,
Little Darlings Day Care Centre O,Tshwane,"APPLICABLEM,D, Tshwane, Gauteng",083 574 0209,,Department of Basic Education EMIS,OPEN,Gauteng,700888102,Independent,Independent ECD Centre,,
Love In Action Day Care And Practitioners O,Tshwane,"Tshwane, Gauteng",071 302 5846,,Department of Basic Education EMIS,OPEN,Gauteng,700700675,Independent,Independent ECD Centre,,
Luvuyo Day Care Centre O,Tshwane,"Tshwane, Gauteng",012 799 1429,,Department of Basic Education EMIS,OPEN,Gauteng,700700700,Independent,Independent ECD Centre,,
Mabuela CUM Nursery O,Tshwane,"VILLAGE, Tshwane, Gauteng",012 717 2484,,Department of Basic Education EMIS,OPEN,Gauteng,700888077,Independent,Independent ECD Centre,,
Maiteko Day Care Centre O,Tshwane,"Tshwane, Gauteng",082 534 4580,,Department of Basic Education EMIS,OPEN,Gauteng,700700766,Independent,Independent ECD Centre,,
Mamashele Day Care Centre O,Tshwane,"Tshwane, Gauteng",071 975 7266,,Department of Basic Education EMIS,OPEN,Gauteng,700700767,Independent,Independent ECD Centre,,
Maria Thuto Day Care O,Tshwane,"Tshwane, Gauteng",011 555 0100,,Department of Basic Education EMIS,OPEN,Gauteng,700700676,Independent,Independent ECD Centre,,
Masebe Day Care O,Tshwane,"Tshwane, Gauteng",071 631 6346,,Department of Basic Education EMIS,OPEN,Gauteng,700700217,Independent,Independent ECD Centre,,
Masizana Day Care Centre O,Pretoria,"Pretoria, Gauteng",011 555 0100,,Department of Basic Education EMIS,OPEN,Gauteng,700700533,Independent,Independent ECD Centre,,
Matlhasedi Day Care O,Pretoria,"Pretoria, Gauteng",076 460 0938,,Department of Basic Education EMIS,OPEN,Gauteng,700700534,Independent,Independent ECD Centre,,
Mmabana Day Care And Pre- School O,Tshwane,"Tshwane, Gauteng",011 555 0100,,Department of Basic Education EMIS,OPEN,Gauteng,700888103,Independent,Independent ECD Centre,,
Mmaketskoeng Day Care Centre,Tshwane,"Tshwane, Gauteng",072 118 5221,,Department of Basic Education EMIS,PENDING CLOSE,Gauteng,700888080,Public,Public ECD Centre,,
Mmalebai Day Care Centr O,Tshwane,"Tshwane, Gauteng",011 555 0100,,Department of Basic Education EMIS,OPEN,Gauteng,700888081,Independent,Independent ECD Centre,,
Mmamerafe Early Learning Centre O,Pretoria,"Pretoria, Gauteng",011 555 0100,,Department of Basic Education EMIS,OPEN,Gauteng,700700536,Independent,Independent ECD Centre,,
Mmankone Day Care Centre O,Tshwane,"Tshwane, Gauteng",076 664 8232,,Department of Basic Education EMIS,OPEN,Gauteng,700388082,Independent,Independent ECD Centre,,
Mmanthute Day Care Cantre O,Tshwane,"SECTION, Tshwane, Gauteng",073 643 4909,,Department of Basic Education EMIS,OPEN,Gauteng,700888083,Independent,Independent ECD Centre,,
Mogau Day Care Centre O,Pretoria,"Pretoria, Gauteng",011 555 0100,,Department of Basic Education EMIS,OPEN,Gauteng,700700537,Independent,Independent ECD Centre,,
Mogau Day Care Centre O,Tshwane,"Tshwane, Gauteng",073 015 2629,,Department of Basic Education EMIS,OPEN,Gauteng,700700770,Independent,Independent ECD Centre,,
Moo-aunty Kakaretso Community Builder Pre-school And Creche O,Tshwane,"Tshwane, Gauteng",079 407 4763,,Department of Basic Education EMIS,OPEN,Gauteng,700700689,Independent,Independent ECD Centre,,
Mororiseng Pre School And Crech O,Tshwane,"Tshwane, Gauteng",084 299 6165,,Department of Basic Education EMIS,OPEN,Gauteng,700880043,Independent,Independent ECD Centre,,
Motsei Day Care Centre O,Tshwane,"Tshwane, Gauteng",078 141 7909,,Department of Basic Education EMIS,OPEN,Gauteng,700700218,Independent,Independent ECD Centre,,
Pheladi Little Flower Day Care Centre O,Pretoria,"Pretoria, Gauteng",011 555 0100,,Department of Basic Education EMIS,OPEN,Gauteng,700700548,Independent,Independent ECD Centre,,
Phepho Early Learning Centre O,Tshwane,"Tshwane, Gauteng",078 397 1688,,Department of Basic Education EMIS,OPEN,Gauteng,700888106,Independent,Independent ECD Centre,,
Phumzile Creche Early Learning Centre O,Tshwane,"Tshwane, Gauteng",011 555 0100,,Department of Basic Education EMIS,OPEN,Gauteng,700700550,Independent,Independent ECD Centre,,
Phumzile Day Care Centre O,Tshwane,"Tshwane, Gauteng",072 238 4124,,Department of Basic Education EMIS,OPEN,Gauteng,700888107,Public,Public ECD Centre,,
Phuthadichaba Day Care Centre O,Tshwane,"Tshwane, Gauteng",011 555 0100,,Department of Basic Education EMIS,OPEN,Gauteng,700700774,Independent,Independent ECD Centre,,
Playground Early Learning Centre O,Tshwane,"Tshwane, Gauteng",012 799 5628,,Department of Basic Education EMIS,OPEN,Gauteng,700700941,Independent,Independent ECD Centre,,
Popi Mpelegele Ngwana Day Care Centre O,Tshwane,"Tshwane, Gauteng",084 824 3317,,Department of Basic Education EMIS,OPEN,Gauteng,700700775,Independent,Independent ECD Centre,,
Promise Day Care Centre O,Tshwane,"Tshwane, Gauteng",082 687 9320,,Department of Basic Education EMIS,OPEN,Gauteng,700700219,Independent,Independent ECD Centre,,
Reamogetse Care Givers O,Tshwane,"Tshwane, Gauteng",083 498 8498,,Department of Basic Education EMIS,OPEN,Gauteng,700700776,Independent,Independent ECD Centre,,
Rebelegeng Day Care Centre O,Tshwane,"VILLAGE, Tshwane, Gauteng",040 082 6794374,,Department of Basic Education EMIS,OPEN,Gauteng,700888043,Independent,Independent ECD Centre,,
Redibone Day Care Centre O,Tshwane,"Tshwane, Gauteng",072 440 7395,,Department of Basic Education EMIS,OPEN,Gauteng,700888110,Independent,Independent ECD Centre,,
Redirile Day Care Centre O,Tshwane,"Tshwane, Gauteng",074 540 3577,,Department of Basic Education EMIS,OPEN,Gauteng,700890106,Independent,Independent ECD Centre,,
Refilwe Day Care Centre O,Pretoria,"Pretoria, Gauteng",011 555 0100,,Department of Basic Education EMIS,OPEN,Gauteng,700700556,Independent,Independent ECD Centre,,
Refilwe Day Care Centre O,Tshwane,"Tshwane, Gauteng",079 938 8378,,Department of Basic Education EMIS,OPEN,Gauteng,700700679,Independent,Independent ECD Centre,,
Refilwe Day Care Community Centre O,Tshwane,"7A,TEMBA, Tshwane, Gauteng",079 011 9396,,Department of Basic Education EMIS,OPEN,Gauteng,700700220,Independent,Independent ECD Centre,,
Relokologile Day Care Centre O,Pretoria,"Pretoria, Gauteng",078 966 8838,,Department of Basic Education EMIS,OPEN,Gauteng,700700557,Independent,Independent ECD Centre,,
Resaletse Thuto Day Care O,Tshwane,"Tshwane, Gauteng",011 555 0100,,Department of Basic Education EMIS,OPEN,Gauteng,700700558,Independent,Independent ECD Centre,,
Rethabile Day Care Centre O,Pretoria,"SECTION, Pretoria, Gauteng",073 850 3711,,Department of Basic Education EMIS,OPEN,Gauteng,700700559,Independent,Independent ECD Centre,,
Rethomile Day Care O,Pretoria,"Pretoria, Gauteng",011 555 0100,,Department of Basic Education EMIS,OPEN,Gauteng,700700468,Independent,Independent ECD Centre,,
Rorisang Day Care & Pre-school O,Tshwane,"Tshwane, Gauteng",072 437 2083,,Department of Basic Education EMIS,OPEN,Gauteng,700700681,Independent,Independent ECD Centre,,
Sentle Day Care Centre O,Tshwane,"Tshwane, Gauteng",076 799 8473,,Department of Basic Education EMIS,OPEN,Gauteng,700888111,Independent,Independent ECD Centre,,
Sibongile Early Learning Centre O,Tshwane,"Tshwane, Gauteng",012 798 1950,,Department of Basic Education EMIS,OPEN,Gauteng,700880040,Independent,Independent ECD Centre,,
Siyafunda Haven And Day Care Centre O,Pretoria,"HAVEN, Pretoria, Gauteng",083 484 5472,,Department of Basic Education EMIS,OPEN,Gauteng,700700563,Independent,Independent ECD Centre,,
Sizanani Childrew Centre O,Pretoria,"Pretoria, Gauteng",073 474 5924,,Department of Basic Education EMIS,OPEN,Gauteng,700700564,Independent,Independent ECD Centre,,
Sizanani Day Care Centre O,Tshwane,"Tshwane, Gauteng",073 940 7645,,Department of Basic Education EMIS,OPEN,Gauteng,700700686,Independent,Independent ECD Centre,,
Sunshine Nersery School O,Tshwane,"Tshwane, Gauteng",012 711 0123,,Department of Basic Education EMIS,OPEN,Gauteng,700700469,Independent,Independent ECD Centre,,
Thululwazi Day Care Centre O,Pretoria,"Pretoria, Gauteng",079 384 7128,,Department of Basic Education EMIS,OPEN,Gauteng,700700569,Independent,Independent ECD Centre,,
Thusanang Child Care Centre O,Pretoria,"Pretoria, Gauteng",072 183 6721,,Department of Basic Education EMIS,OPEN,Gauteng,700700573,Independent,Independent ECD Centre,,
Thusanang Day Care Centre O,Tshwane,"Tshwane, Gauteng",073 172 4444,,Department of Basic Education EMIS,OPEN,Gauteng,700888113,Independent,Independent ECD Centre,,
Tidimatso Day Care Centre O,Pretoria,"Pretoria, Gauteng",082 835 6114,,Department of Basic Education EMIS,OPEN,Gauteng,700700575,Independent,Independent ECD Centre,,
Tirisano Day Care Centre O,Tshwane,"Tshwane, Gauteng",072 966 8204,,Department of Basic Education EMIS,OPEN,Gauteng,700888114,Independent,Independent ECD Centre,,
Tlhabologo Day C Are O,Tshwane,"Tshwane, Gauteng",011 555 0100,,Department of Basic Education EMIS,OPEN,Gauteng,700888122,Independent,Independent ECD Centre,,
Tlhalefang Day Care Centre O,Tshwane,"Tshwane, Gauteng",011 555 0100,,Department of Basic Education EMIS,OPEN,Gauteng,700888115,Independent,Independent ECD Centre,,
Tshenolo Day Care Centre O,Tshwane,"Tshwane, Gauteng",012 717 3212,,Department of Basic Education EMIS,OPEN,Gauteng,700700226,Independent,Independent ECD Centre,,
Tshiamo Crech And Pre School O,Pretoria,"Pretoria, Gauteng",082 740 4526,,Department of Basic Education EMIS,OPEN,Gauteng,700700578,Independent,Independent ECD Centre,,
Tshiamo Day Care Centre O,Tshwane,"SECTION, Tshwane, Gauteng",084 673 6707,,Department of Basic Education EMIS,OPEN,Gauteng,700888116,Independent,Independent ECD Centre,,
Tshireletso Day Care Centre O,Pretoria,"Pretoria, Gauteng",011 555 0100,,Department of Basic Education EMIS,OPEN,Gauteng,700700579,Independent,Independent ECD Centre,,
Tsholofelo Early Learning Centre O,Tshwane,"Tshwane, Gauteng",012 717 3384,,Department of Basic Education EMIS,OPEN,Gauteng,700888117,Independent,Independent ECD Centre,,
Tswelopele Boikhutsong Pre-school And Creche O,Tshwane,"Tshwane, Gauteng",011 555 0100,,Department of Basic Education EMIS,OPEN,Gauteng,700700697,Independent,Independent ECD Centre,,
Tumisang Day Care Centre O,Tshwane,"Tshwane, Gauteng",071 012 9408,,Department of Basic Education EMIS,OPEN,Gauteng,700890108,Independent,Independent ECD Centre,,
Utlwanang Day Care Centre O,Pretoria,"Pretoria, Gauteng",072 447 2992,,Department of Basic Education EMIS,OPEN,Gauteng,700700584,Independent,Independent ECD Centre,,
Vastfontein Batho Pele Christian School O,Tshwane,"AVENUE, Tshwane, Gauteng",073 318 1910,,Department of Basic Education EMIS,OPEN,Gauteng,700888042,Independent,Independent ECD Centre,,
Victory Day Care Centre O,Tshwane,"Tshwane, Gauteng",083 507 0327,,Department of Basic Education EMIS,OPEN,Gauteng,700888118,Independent,Independent ECD Centre,,
Welcome Day Care Centre O,Tshwane,"Tshwane, Gauteng",012 717 8037,,Department of Basic Education EMIS,OPEN,Gauteng,700888119,Independent,Independent ECD Centre,,
Zithobeni Day Care O,Pretoria,"Pretoria, Gauteng",011 555 0100,,Department of Basic Education EMIS,OPEN,Gauteng,700700586,Independent,Independent ECD Centre,,
Babbel En Krabbel Kleuterskool En Bewaarskool O,Centurion,"STREET, Centurion, Gauteng",012 664 5257,,Department of Basic Education EMIS,OPEN,Gauteng,700210294,Independent,Independent ECD Centre,,
Boikanyong Pre School O,Pretoria,"STREET, Pretoria, Gauteng",082 798 4535,,Department of Basic Education EMIS,OPEN,Gauteng,700231548,Independent,Independent ECD Centre,,
Bumble Bee Play School O,Pretoria,"STR, Pretoria, Gauteng",012 341 7059,,Department of Basic Education EMIS,OPEN,Gauteng,700230177,Independent,Independent ECD Centre,,
Bumpies Pre-school O,Pretoria,"STREET, Pretoria, Gauteng",012 753 6854,,Department of Basic Education EMIS,OPEN,Gauteng,700303743,Independent,Independent ECD Centre,,
Die Herberg Stimulasie Sentrum O,Piet Retief,"Piet Retief, Gauteng",012 654 3443,,Department of Basic Education EMIS,OPEN,Gauteng,700700713,Independent,Independent ECD Centre,,
Inkululeko Day Care Centre O,Tshwane,"STREET, Tshwane, Gauteng",012 321 1099,,Department of Basic Education EMIS,OPEN,Gauteng,700230907,Independent,Independent ECD Centre,,
Irene Pre-primary O,Pretoria,"CRAWFORD ROAD, Pretoria, Gauteng",012 667 1813,,Department of Basic Education EMIS,OPEN,Gauteng,700210278,Independent,Independent ECD Centre,,
Itireleng Pre School O,Pretoria,"Pretoria, Gauteng",012 358 5543,,Department of Basic Education EMIS,OPEN,Gauteng,700700846,Independent,Independent ECD Centre,,
Itumeleng Pre School O,Pretoria,"STREET, Pretoria, Gauteng",079 762 3861,,Department of Basic Education EMIS,OPEN,Gauteng,700231787,Independent,Independent ECD Centre,,
Jabulani Pre School O,Pretoria,"STREET, Pretoria, Gauteng",012 358 0046,,Department of Basic Education EMIS,OPEN,Gauteng,700231795,Independent,Independent ECD Centre,,
Kiddie Care Creche Pre-primary School O,Pretoria,"STREET, Pretoria, Gauteng",012 343 2617,,Department of Basic Education EMIS,OPEN,Gauteng,700230409,Independent,Independent ECD Centre,,
Mabolepi Mahlatsi Pre School O,Tshwane,"Tshwane, Gauteng",011 555 0100,,Department of Basic Education EMIS,OPEN,Gauteng,700700786,Independent,Independent ECD Centre,,
Mina-soga Pre-school O,Pretoria,"STREET, Pretoria, Gauteng",012 358 0046,,Department of Basic Education EMIS,OPEN,Gauteng,700231993,Independent,Independent ECD Centre,,
Mmagobatho Pre School O,Tshwane,"Tshwane, Gauteng",012 358 5543,,Department of Basic Education EMIS,OPEN,Gauteng,700700784,Independent,Independent ECD Centre,,
Moreleta Park Creche And Nursery School O,Pretoria,"STREET, Pretoria, Gauteng",012 997 1149,,Department of Basic Education EMIS,OPEN,Gauteng,700210484,Independent,Independent ECD Centre,,
Motheo Cornerstone Pre School Day Care O,Tshwane,"STREET, Tshwane, Gauteng",012 812 3241,,Department of Basic Education EMIS,OPEN,Gauteng,700700172,Independent,Independent ECD Centre,,
Mxolisi Pre School O,Tshwane,"Tshwane, Gauteng",012 258 5543,,Department of Basic Education EMIS,OPEN,Gauteng,700700785,Independent,Independent ECD Centre,,
Nkhensani Pre School O,Pretoria,"STREET, Pretoria, Gauteng",012 358 0046,,Department of Basic Education EMIS,OPEN,Gauteng,700232033,Independent,Independent ECD Centre,,
Olivenhoutbosh Pre- Primary O,Tshwane,"Tshwane, Gauteng",072 225 0547,,Department of Basic Education EMIS,OPEN,Gauteng,700228281,Independent,Independent ECD Centre,,
Preprimere Skool Sunnyside O,Pretoria,"Pretoria, Gauteng",012 374 3185,,Department of Basic Education EMIS,OPEN,Gauteng,700231274,Independent,Independent ECD Centre,,
Sos Mamelodi Kindergarten O,Tshwane,"STREET, Tshwane, Gauteng",012 801 1001,,Department of Basic Education EMIS,OPEN,Gauteng,700221051,Independent,Independent ECD Centre,,
The Yard Prep Academy O,Pretoria,"YARD, Pretoria, Gauteng",012 361 5337,,Department of Basic Education EMIS,OPEN,Gauteng,700700587,Independent,Independent ECD Centre,,
Tiendhleleni Pre School O,Tshwane,"Tshwane, Gauteng",011 555 0100,,Department of Basic Education EMIS,OPEN,Gauteng,700700783,Independent,Independent ECD Centre,,
Tiny Tots Day Care Centre O,Pretoria,"STREET, Pretoria, Gauteng",012 375 6679,,Department of Basic Education EMIS,OPEN,Gauteng,700880081,Independent,Independent ECD Centre,,
Wize Kids Day Care And Pre School Centre,Tshwane,"Tshwane, Gauteng",081 533 5466,,Department of Basic Education EMIS,PENDING CLOSE,Gauteng,700701106,Public,Public ECD Centre,,
Apesanang Day Care Centre O,Pretoria,"Pretoria, Gauteng",012 797 4227,,Department of Basic Education EMIS,OPEN,Gauteng,700700588,Independent,Independent ECD Centre,,
Arerutaneng Day Care O,Pretoria,"Pretoria, Gauteng",012 793 0226,,Department of Basic Education EMIS,OPEN,Gauteng,700700589,Independent,Independent ECD Centre,,
Bana Day Care And Pre-school O,Tshwane,"Tshwane, Gauteng",011 555 0100,,Department of Basic Education EMIS,OPEN,Gauteng,700700708,Independent,Independent ECD Centre,,
Barbie Little Day Care Centre O,Tshwane,"Tshwane, Gauteng",082 090 0097,,Department of Basic Education EMIS,OPEN,Gauteng,700700789,Independent,Independent ECD Centre,,
Birmingham Junior Centre O,Tshwane,"Tshwane, Gauteng",011 555 0100,,Department of Basic Education EMIS,OPEN,Gauteng,700700250,Independent,Independent ECD Centre,,
Boipelo Day Care Centre O,Tshwane,"Tshwane, Gauteng",012 701 4228,,Department of Basic Education EMIS,OPEN,Gauteng,700700824,Independent,Independent ECD Centre,,
Boithabisong Pre-school O,Pretoria,"Pretoria, Gauteng",072 564 2095,,Department of Basic Education EMIS,OPEN,Gauteng,700888187,Independent,Independent ECD Centre,,
Bokamoso Day Care O,Tshwane,"Tshwane, Gauteng",072 909 5805,,Department of Basic Education EMIS,OPEN,Gauteng,700700709,Independent,Independent ECD Centre,,
Buzzy Bee Nursery Care Centre,Tshwane,"Tshwane, Gauteng",071 305 5882,,Department of Basic Education EMIS,PENDING CLOSE,Gauteng,700701079,Public,Public ECD Centre,,
Dwergie Land Kleuterskool O,Pretoria,"NOORD, Pretoria, Gauteng",012 546 4233,,Department of Basic Education EMIS,OPEN,Gauteng,700240135,Independent,Independent ECD Centre,,
Ebenezer Day Care O,Pretoria,"Pretoria, Gauteng",083 858 3158,,Department of Basic Education EMIS,OPEN,Gauteng,700700590,Independent,Independent ECD Centre,,
Groenie Nessieo,Tshwane,"STR, Tshwane, Gauteng",012 379 4406,,Department of Basic Education EMIS,OPEN,Gauteng,700700792,Independent,Independent ECD Centre,,
Hansie Grietjies Pre Primary/kleuterskool O,Pretoria,"STREET, Pretoria, Gauteng",012 546 2091,,Department of Basic Education EMIS,OPEN,Gauteng,700700228,Independent,Independent ECD Centre,,
Happy Day Mother Care Centre O,Tshwane,"STREET, Tshwane, Gauteng",083 467 0056,,Department of Basic Education EMIS,OPEN,Gauteng,700700417,Independent,Independent ECD Centre,,
Happy Kids Day Care O,Tshwane,"Tshwane, Gauteng",073 191 4995,,Department of Basic Education EMIS,OPEN,Gauteng,700700728,Independent,Independent ECD Centre,,
Hlalefang Day Care O,Pretoria,"Pretoria, Gauteng",012 793 0156,,Department of Basic Education EMIS,OPEN,Gauteng,700700591,Independent,Independent ECD Centre,,
Hlalefang Early Leraning Centre O,Pretoria,"Pretoria, Gauteng",011 555 0100,,Department of Basic Education EMIS,OPEN,Gauteng,700700418,Independent,Independent ECD Centre,,
Holy Love Day Care Centre O,Tshwane,"Tshwane, Gauteng",011 555 0100,,Department of Basic Education EMIS,OPEN,Gauteng,700700793,Independent,Independent ECD Centre,,
Ikageng Day Care Centre O,Tshwane,"Tshwane, Gauteng",082 269 8104,,Department of Basic Education EMIS,OPEN,Gauteng,700700592,Independent,Independent ECD Centre,,
Itumeleng Batswana Pre School O,Tshwane,"Tshwane, Gauteng",012 702 1221,,Department of Basic Education EMIS,OPEN,Gauteng,700700827,Independent,Independent ECD Centre,,
Julia Lethabong Pre School O,Tshwane,"Tshwane, Gauteng",011 555 0100,,Department of Basic Education EMIS,OPEN,Gauteng,700700828,Independent,Independent ECD Centre,,
Kabelo Early Learning Centre O,Tshwane,"Tshwane, Gauteng",083 943 2001,,Department of Basic Education EMIS,OPEN,Gauteng,700700796,Independent,Independent ECD Centre,,
Kasteeltjieland Early Child Development Centre O,Tshwane,"Tshwane, Gauteng",012 379 0805,,Department of Basic Education EMIS,OPEN,Gauteng,700700830,Independent,Independent ECD Centre,,
Kelebogile Day Care Centre O,Pretoria,"Pretoria, Gauteng",078 945 2687,,Department of Basic Education EMIS,OPEN,Gauteng,700700594,Independent,Independent ECD Centre,,
Kgaogelo Early Learning Centre O,Tshwane,"Tshwane, Gauteng",071 923 9910,,Department of Basic Education EMIS,OPEN,Gauteng,700700798,Independent,Independent ECD Centre,,
Kgotsofatso Day Care Centre O,Pretoria,"Pretoria, Gauteng",072 741 1397,,Department of Basic Education EMIS,OPEN,Gauteng,700700595,Independent,Independent ECD Centre,,
Khutso Day Care Centre O,Tshwane,"Tshwane, Gauteng",078 818 3007,,Department of Basic Education EMIS,OPEN,Gauteng,700700667,Independent,Independent ECD Centre,,
Kiddies Corner Of Hope O,Tshwane,"Tshwane, Gauteng",073 136 5035,,Department of Basic Education EMIS,OPEN,Gauteng,700700832,Independent,Independent ECD Centre,,
Kideo Kleuterskool O,Tshwane,"STREET, Tshwane, Gauteng",012 379 2725,,Department of Basic Education EMIS,OPEN,Gauteng,700700739,Independent,Independent ECD Centre,,
Kidz First Day Care O,Tshwane,"Tshwane, Gauteng",011 555 0100,,Department of Basic Education EMIS,OPEN,Gauteng,700700800,Independent,Independent ECD Centre,,
Kleintreetjies Kleuterskool O,Tshwane,"Tshwane, Gauteng",012 379 7473,,Department of Basic Education EMIS,OPEN,Gauteng,700230557,Independent,Independent ECD Centre,,
Kleuterland Kleuterskool O,Pretoria,"Pretoria, Gauteng",012 379 3349,,Department of Basic Education EMIS,OPEN,Gauteng,700231191,Independent,Independent ECD Centre,,
Knowledge Is Power Educare Centre O,Tshwane,"Tshwane, Gauteng",082 488 5167,,Department of Basic Education EMIS,OPEN,Gauteng,700700502,Independent,Independent ECD Centre,,
Kopanong Day Care Centre O,Pretoria,"Pretoria, Gauteng",074 404 2093,,Department of Basic Education EMIS,OPEN,Gauteng,700700596,Independent,Independent ECD Centre,,
Kutlwanong Early Learning Center O,Pretoria,"Pretoria, Gauteng",012 797 2002,,Department of Basic Education EMIS,OPEN,Gauteng,700700598,Independent,Independent ECD Centre,,
Lebogang Day Care Centre O,Tshwane,"Tshwane, Gauteng",082 961 0784,,Department of Basic Education EMIS,OPEN,Gauteng,700700834,Independent,Independent ECD Centre,,
Leratong Day Care And Pre-school O,Pretoria,"STREET, Pretoria, Gauteng",084 735 3109,,Department of Basic Education EMIS,OPEN,Gauteng,700700599,Independent,Independent ECD Centre,,
Leratong Early Learning Centre O,Tshwane,"Tshwane, Gauteng",012 702 0806,,Department of Basic Education EMIS,OPEN,Gauteng,700700835,Independent,Independent ECD Centre,,
Lethabo Day Care Centre O,Pretoria,"Pretoria, Gauteng",073 301 8098,,Department of Basic Education EMIS,OPEN,Gauteng,700700609,Independent,Independent ECD Centre,,
Light My Way Multi Child Care Centre O,Tshwane,"Tshwane, Gauteng",012 797 2597,,Department of Basic Education EMIS,OPEN,Gauteng,700700836,Independent,Independent ECD Centre,,
M.m.boikago Early Learning Centre O,Tshwane,"Tshwane, Gauteng",079 095 5838,,Department of Basic Education EMIS,OPEN,Gauteng,700700978,Independent,Independent ECD Centre,,
Maggy Otsile Day Care Centre,Tshwane,"Tshwane, Gauteng",078 540 5507,,Department of Basic Education EMIS,PENDING CLOSE,Gauteng,700701080,Public,Public ECD Centre,,
Makgwanya Day Care O,Tshwane,"Tshwane, Gauteng",082 470 4045,,Department of Basic Education EMIS,OPEN,Gauteng,700700973,Independent,Independent ECD Centre,,
Maphemo Day Care O,Tshwane,"Tshwane, Gauteng",072 995 1472,,Department of Basic Education EMIS,OPEN,Gauteng,700700838,Independent,Independent ECD Centre,,
Maphutha Early Learning Centre Pre-school,Tshwane,"Tshwane, Gauteng",076 602 6038,,Department of Basic Education EMIS,PENDING CLOSE,Gauteng,700701105,Public,Public ECD Centre,,
Modisabana Early Learning & Day & Night O,Tshwane,"Tshwane, Gauteng",012 701 0668,,Department of Basic Education EMIS,OPEN,Gauteng,700700837,Independent,Independent ECD Centre,,
Morning Glory Day Care O,Pretoria,"Pretoria, Gauteng",082 542 7481,,Department of Basic Education EMIS,OPEN,Gauteng,700700600,Independent,Independent ECD Centre,,
Motheo Daycare Pre School O,Pretoria,"Pretoria, Gauteng",011 555 0100,,Department of Basic Education EMIS,OPEN,Gauteng,700700623,Independent,Independent ECD Centre,,
Odinberg Day Acre Centre,Tshwane,"Tshwane, Gauteng",011 555 0100,,Department of Basic Education EMIS,PENDING CLOSE,Gauteng,700701083,Public,Public ECD Centre,,
Paballo Early Learning Centre O,Tshwane,"Tshwane, Gauteng",011 555 0100,,Department of Basic Education EMIS,OPEN,Gauteng,700700982,Independent,Independent ECD Centre,,
Patty's Early Learning Centre O,Tshwane,"STREET, Tshwane, Gauteng",082 934 2825,,Department of Basic Education EMIS,OPEN,Gauteng,700700984,Independent,Independent ECD Centre,,
Pinocchio Kleuterskool O,Tshwane,"KEYTERSTRAAT, Tshwane, Gauteng",012 379 7423,,Department of Basic Education EMIS,OPEN,Gauteng,700230631,Independent,Independent ECD Centre,,
Praise Worship Bible Creche O,Tshwane,"Tshwane, Gauteng",082 844 4565,,Department of Basic Education EMIS,OPEN,Gauteng,700700706,Independent,Independent ECD Centre,,
Punkys Day Care Preschool O,Pretoria,"Pretoria, Gauteng",073 451 7331,,Department of Basic Education EMIS,OPEN,Gauteng,700700601,Independent,Independent ECD Centre,,
Ratanang Day Care Centre O,Tshwane,"ROAD, Tshwane, Gauteng",084 769 2509,,Department of Basic Education EMIS,OPEN,Gauteng,700700986,Independent,Independent ECD Centre,,
Ratanang Early Learning Centre O,Pretoria,"Pretoria, Gauteng",012 791 2101,,Department of Basic Education EMIS,OPEN,Gauteng,700700602,Independent,Independent ECD Centre,,
Rebone Early Learning Centre,Tshwane,"Tshwane, Gauteng",011 555 0100,,Department of Basic Education EMIS,PENDING CLOSE,Gauteng,700701081,Public,Public ECD Centre,,
Remember Your Creator Day Care O,Tshwane,"Tshwane, Gauteng",071 239 5887,,Department of Basic Education EMIS,OPEN,Gauteng,700700840,Independent,Independent ECD Centre,,
Rethabile Pre Primary School O,Tshwane,"Tshwane, Gauteng",084 824 5187,,Department of Basic Education EMIS,OPEN,Gauteng,700911838,Independent,Independent ECD Centre,,
Reya-aga Early Learning Centre,Tshwane,"Tshwane, Gauteng",082 642 8911,,Department of Basic Education EMIS,PENDING CLOSE,Gauteng,700701110,Public,Public ECD Centre,,
Rivoningo Day Care Centre O,Tshwane,"Tshwane, Gauteng",079 450 7489,,Department of Basic Education EMIS,OPEN,Gauteng,700700809,Independent,Independent ECD Centre,,
Rorisang Cretch & Pre-school O,Pretoria,"STREET, Pretoria, Gauteng",078 529 0098,,Department of Basic Education EMIS,OPEN,Gauteng,700700603,Independent,Independent ECD Centre,,
Seskhona Day Care Centre O,Tshwane,"Tshwane, Gauteng",084 972 5797,,Department of Basic Education EMIS,OPEN,Gauteng,700700843,Independent,Independent ECD Centre,,
Sinamuva Early Learning Centre O,Tshwane,"Tshwane, Gauteng",012 799 3394,,Department of Basic Education EMIS,OPEN,Gauteng,700700641,Independent,Independent ECD Centre,,
Siphiwe Montessori School O,Pretoria,"Pretoria, Gauteng",012 797 2053,,Department of Basic Education EMIS,OPEN,Gauteng,700700604,Independent,Independent ECD Centre,,
Table Of His Grace Pre-school O,Pretoria,"Pretoria, Gauteng",083 597 9168,,Department of Basic Education EMIS,OPEN,Gauteng,700700200,Independent,Independent ECD Centre,,
Temoho Day Care Centre O,Tshwane,"Tshwane, Gauteng",076 663 2373,,Department of Basic Education EMIS,OPEN,Gauteng,700700605,Independent,Independent ECD Centre,,
Thakadile Day Care Centre O,Tshwane,"AVENUE, Tshwane, Gauteng",061 432 6521,,Department of Basic Education EMIS,OPEN,Gauteng,700700844,Independent,Independent ECD Centre,,
Tlotlo Mawela Early Learning Centre O,Pretoria,"Pretoria, Gauteng",076 966 3491,,Department of Basic Education EMIS,OPEN,Gauteng,700700606,Independent,Independent ECD Centre,,
Tsibogang Early Learning Centre O,Pretoria,"STR, Pretoria, Gauteng",012 702 0333,,Department of Basic Education EMIS,OPEN,Gauteng,700700845,Independent,Independent ECD Centre,,
Tswelopele Early Learning Centre O,Pretoria,"Pretoria, Gauteng",012 797 1968,,Department of Basic Education EMIS,OPEN,Gauteng,700700607,Independent,Independent ECD Centre,,
Tswelopele Pre-school O,Tshwane,"Tshwane, Gauteng",076 251 1039,,Department of Basic Education EMIS,OPEN,Gauteng,700700738,Independent,Independent ECD Centre,,
Tuinwertjies Kleuter En Naskool O,Tshwane,"STR, Tshwane, Gauteng",012 377 2199,,Department of Basic Education EMIS,OPEN,Gauteng,700700730,Independent,Independent ECD Centre,,
Ubuntu Day Care Centre O,Pretoria,"Pretoria, Gauteng",073 641 2641,,Department of Basic Education EMIS,OPEN,Gauteng,700700608,Independent,Independent ECD Centre,,
Urban Early Learning Centre O,Tshwane,"Tshwane, Gauteng",011 555 0100,,Department of Basic Education EMIS,OPEN,Gauteng,700700666,Independent,Independent ECD Centre,,
Wysneursie Kleuterskool O,Pretoria,"Pretoria, Gauteng",012 379 7618,,Department of Basic Education EMIS,OPEN,Gauteng,700230730,Independent,Independent ECD Centre,,
Ya Bana Early Learning Centre O,Tshwane,"Tshwane, Gauteng",078 786 9214,,Department of Basic Education EMIS,OPEN,Gauteng,700700816,Independent,Independent ECD Centre,,
Ymca Mauoane Pre-school O,Tshwane,"Tshwane, Gauteng",012 700 0065,,Department of Basic Education EMIS,OPEN,Gauteng,700700817,Independent,Independent ECD Centre,,
Arbor Park Ppo,Newcastle,"DISTRICT STREET 1173,NEWCASTLE,2940, Newcastle, KwaZulu-Natal",034 315 4444,,Department of Basic Education EMIS,OPEN,KwaZulu-Natal,500103452,Independent,Independent ECD Centre,-27.7696,29.94908
Klein Spoortjies PP O,Newcastle,"DISTRICT BIRD STREET X6641,NEWCASTLE,2940, Newcastle, KwaZulu-Natal",034 312 3677,,Department of Basic Education EMIS,OPEN,KwaZulu-Natal,500176379,Independent,Independent ECD Centre,-27.77153,29.93476
Praise PP O,Newcastle,"DISTRICT RD 1223,NEWCASTLE,2940, Newcastle, KwaZulu-Natal",034 312 8111,,Department of Basic Education EMIS,OPEN,KwaZulu-Natal,500251415,Independent,Independent ECD Centre,,
Utrecht PP O,Newcastle,"DISTRICT 430,2980, Newcastle, KwaZulu-Natal",034 331 3103,,Department of Basic Education EMIS,OPEN,KwaZulu-Natal,500323158,Independent,Independent ECD Centre,,
Bonginkosi Creche O,Ballito,"Ballito, KwaZulu-Natal",011 555 0100,,Department of Basic Education EMIS,OPEN,KwaZulu-Natal,500493173,Independent,Independent ECD Centre,,
Circle PP O,Stanger,"DISTRICT ROAD 240,STANGER,4450, Stanger, KwaZulu-Natal",032 551 1443,,Department of Basic Education EMIS,OPEN,KwaZulu-Natal,500116735,Independent,Independent ECD Centre,,
Dolphin Coast PP O,Ballito,"DISTRICT DRIVE 882,BALLITO,4420, Ballito, KwaZulu-Natal",032 946 2979,,Department of Basic Education EMIS,OPEN,KwaZulu-Natal,500122544,Independent,Independent ECD Centre,-29.53122,31.21447
Al-noor PP O,Westville,"DISTRICT ROAD OFFICE,WESTVILLE,3630, Westville, KwaZulu-Natal",031 266 7037,,Department of Basic Education EMIS,OPEN,KwaZulu-Natal,500100566,Independent,Independent ECD Centre,-26.8902,26.59003
Bridges PP O,eThekwini,"eThekwini, KwaZulu-Natal",011 555 0100,,Department of Basic Education EMIS,OPEN,KwaZulu-Natal,500407629,Independent,Independent ECD Centre,,
Candy Floss Kindergarten & Pre-school O,eThekwini,"eThekwini, KwaZulu-Natal",011 555 0100,,Department of Basic Education EMIS,OPEN,KwaZulu-Natal,500407444,Independent,Independent ECD Centre,,
Christopher Robin PP O,eThekwini,"AVENUE 22008,GLENASHLEY,4022, eThekwini, KwaZulu-Natal",031 572 3114,,Department of Basic Education EMIS,OPEN,KwaZulu-Natal,500116587,Independent,Independent ECD Centre,-29.75746,31.06153
Cowies Hill Ppo,Kloof,"OFFICE,COWIES HILL,3610, Kloof, KwaZulu-Natal",031 702 3753,,Department of Basic Education EMIS,OPEN,KwaZulu-Natal,500118400,Independent,Independent ECD Centre,-29.82854,30.90081
Crawford PP La Lucia O,eThekwini,"CRAWFORD, eThekwini, KwaZulu-Natal",011 555 0100,,Department of Basic Education EMIS,OPEN,KwaZulu-Natal,500408073,Independent,Independent ECD Centre,,
Dr Ad Lazarus PP O,eThekwini,"ROAD, eThekwini, KwaZulu-Natal",031 262 1512,,Department of Basic Education EMIS,OPEN,KwaZulu-Natal,500123173,Independent,Independent ECD Centre,-29.80963,30.94817
Happy Days Pre-primary O,KwaZulu-Natal,"KwaZulu-Natal, KwaZulu-Natal",011 555 0100,,Department of Basic Education EMIS,OPEN,KwaZulu-Natal,500493247,Independent,Independent ECD Centre,,
Hillbilly PP O,eThekwini,"AVENUE 82,MAIDSTONE,4380, eThekwini, KwaZulu-Natal",032 944 2313,,Department of Basic Education EMIS,OPEN,KwaZulu-Natal,500155326,Independent,Independent ECD Centre,-29.54447,31.13173
Hillcrest PP O,Hillcrest,"ROAD 790,HILLCREST,3650, Hillcrest, KwaZulu-Natal",031 765 2555,,Department of Basic Education EMIS,OPEN,KwaZulu-Natal,500155437,Independent,Independent ECD Centre,-29.77626,30.75803
Kid's Paradise Preschool O,eThekwini,"eThekwini, KwaZulu-Natal",011 555 0100,,Department of Basic Education EMIS,OPEN,KwaZulu-Natal,500407370,Independent,Independent ECD Centre,,
Kloof PP O,Kloof,"ROAD 202,KLOOF,3640, Kloof, KwaZulu-Natal",031 764 1577,,Department of Basic Education EMIS,OPEN,KwaZulu-Natal,500176638,Independent,Independent ECD Centre,-29.79384,30.84292
Kokkewiet PP O,Pinetown,"ROAD 10088,ASHWOOD,3605, Pinetown, KwaZulu-Natal",034 982 3789,,Department of Basic Education EMIS,OPEN,KwaZulu-Natal,500176860,Independent,Independent ECD Centre,-29.82292,30.85521
Little Dolphin PP O,Westville,"308,WESTVILLE,3630, Westville, KwaZulu-Natal",031 262 8392,,Department of Basic Education EMIS,OPEN,KwaZulu-Natal,500306138,Independent,Independent ECD Centre,,
New Germany Lutheran PP O,eThekwini,"ROAD 112,NEW GERMANY,3610, eThekwini, KwaZulu-Natal",031 705 3355,,Department of Basic Education EMIS,OPEN,KwaZulu-Natal,500305842,Independent,Independent ECD Centre,,
Peacehaven Talwantsingh PP O,eThekwini,"PEACEHAVEN ROAD 132,VERULAM,4340, eThekwini, KwaZulu-Natal",032 533 0830,,Department of Basic Education EMIS,OPEN,KwaZulu-Natal,500246716,Independent,Independent ECD Centre,,
Peter Pan PP O,Pinetown,"LANE 604,PINETOWN,3600, Pinetown, KwaZulu-Natal",031 701 5512,,Department of Basic Education EMIS,OPEN,KwaZulu-Natal,500247086,Independent,Independent ECD Centre,,
Rainbow PP & Creche O,eThekwini,"eThekwini, KwaZulu-Natal",011 555 0100,,Department of Basic Education EMIS,OPEN,KwaZulu-Natal,500407407,Independent,Independent ECD Centre,,
Reservoir Hills PP O,eThekwini,"eThekwini, KwaZulu-Natal",011 555 0100,,Department of Basic Education EMIS,OPEN,KwaZulu-Natal,500407296,Independent,Independent ECD Centre,,
Saturn PP O,Westville,"ROAD OFFICE,WESTVILLE NORTH,3630, Westville, KwaZulu-Natal",031 262 4766,,Department of Basic Education EMIS,OPEN,KwaZulu-Natal,500258963,Independent,Independent ECD Centre,,
St Elizabeth's PP O,Westville,"AVENUE OFFICE,WESTVILLE,3629, Westville, KwaZulu-Natal",031 266 4282,,Department of Basic Education EMIS,OPEN,KwaZulu-Natal,500275613,Independent,Independent ECD Centre,-29.83188,30.93275
Stepping Stones PP O,Pinetown,"10184,ASHWOOD,3610, Pinetown, KwaZulu-Natal",031 701 0101,,Department of Basic Education EMIS,OPEN,KwaZulu-Natal,500277944,Independent,Independent ECD Centre,,
Thandisizwe Ppo,eThekwini,"643,BOTHAS HILL,3660, eThekwini, KwaZulu-Natal",031 777 1328,,Department of Basic Education EMIS,OPEN,KwaZulu-Natal,500280349,Independent,Independent ECD Centre,,
The Birches Ppo,Pinetown,"ROAD OFFICE,PINETOWN,3610, Pinetown, KwaZulu-Natal",031 708 4764,,Department of Basic Education EMIS,OPEN,KwaZulu-Natal,500280830,Independent,Independent ECD Centre,-29.9353,30.94728
Umhlanga Christian PP O,eThekwini,"DRIVE 57,UMHLANGAROCKS,4320, eThekwini, KwaZulu-Natal",031 561 3548,,Department of Basic Education EMIS,OPEN,KwaZulu-Natal,500287712,Independent,Independent ECD Centre,,
Unknown Entryo,eThekwini,"eThekwini, KwaZulu-Natal",011 555 0100,,Department of Basic Education EMIS,OPEN,KwaZulu-Natal,500406445,Public,Public ECD Centre,,
Westville PP O,Westville,"AVENUE OFFICE,WESTVILLE,3610, Westville, KwaZulu-Natal",031 266 4371,,Department of Basic Education EMIS,OPEN,KwaZulu-Natal,500295963,Independent,Independent ECD Centre,-29.83954,30.9138
Clydesdale Ppo,KwaZulu-Natal,"KwaZulu-Natal, KwaZulu-Natal",011 555 0100,,Department of Basic Education EMIS,OPEN,KwaZulu-Natal,500447774,Independent,Independent ECD Centre,,
Gcinisapho Ppo,KwaZulu-Natal,"KwaZulu-Natal, KwaZulu-Natal",011 555 0100,,Department of Basic Education EMIS,OPEN,KwaZulu-Natal,500447811,Independent,Independent ECD Centre,,
Holy Cross Ppo,Kokstad,"DISTRICT STREET 270,KOKSTAD,4700, Kokstad, KwaZulu-Natal",039 727 3384,,Department of Basic Education EMIS,OPEN,KwaZulu-Natal,500327857,Independent,Independent ECD Centre,,
Ibisi PP O,KwaZulu-Natal,"KwaZulu-Natal, KwaZulu-Natal",011 555 0100,,Department of Basic Education EMIS,OPEN,KwaZulu-Natal,500447848,Independent,Independent ECD Centre,,
Azme Niswan Ppo,eThekwini,"DISTRICT ROAD 1605,PORTSHEP STONE,4240, eThekwini, KwaZulu-Natal",039 682 5031,,Department of Basic Education EMIS,OPEN,KwaZulu-Natal,500104562,Independent,Independent ECD Centre,-29.90241,30.90057
Montessori Ppo,Port Shepstone,"DISTRICT, Port Shepstone, KwaZulu-Natal",011 555 0100,,Department of Basic Education EMIS,OPEN,KwaZulu-Natal,500430088,Independent,Independent ECD Centre,,
Pikkie PP O,Port Shepstone,"DISTRICT 43,PORT SHEPSTONE,4240, Port Shepstone, KwaZulu-Natal",039 682 0773,,Department of Basic Education EMIS,OPEN,KwaZulu-Natal,500250379,Independent,Independent ECD Centre,,
Yvonne Robinson PP O,Port Shepstone,"DISTRICT STREET OFFICE,PORTSHEPSTONE,4240, Port Shepstone, KwaZulu-Natal",039 682 0993,,Department of Basic Education EMIS,OPEN,KwaZulu-Natal,500307766,Independent,Independent ECD Centre,,
Botanic PP O,Pietermaritzburg,"DISTRICT, Pietermaritzburg, KwaZulu-Natal",033 344 3136,,Department of Basic Education EMIS,OPEN,KwaZulu-Natal,500422836,Independent,Independent ECD Centre,,
Elim Pr-primaryo,Pietermaritzburg,"Pietermaritzburg, KwaZulu-Natal",011 555 0100,,Department of Basic Education EMIS,OPEN,KwaZulu-Natal,500493136,Independent,Independent ECD Centre,,
Emnyezaneni Ppo,Pietermaritzburg,"DISTRICT, Pietermaritzburg, KwaZulu-Natal",011 555 0100,,Department of Basic Education EMIS,OPEN,KwaZulu-Natal,500133533,Independent,Independent ECD Centre,,
Epworth PP O,Pietermaritzburg,"DISTRICT ROAD X08,SCOTTSVILLE,3209, Pietermaritzburg, KwaZulu-Natal",033 386 3091,,Department of Basic Education EMIS,OPEN,KwaZulu-Natal,500139342,Independent,Independent ECD Centre,-29.63471,30.40904
Fudumele PP O,Pietermaritzburg,"DISTRICT 873,EDENDALE,PIETERMARITZBURG,3217, Pietermaritzburg, KwaZulu-Natal",033 399 5536,,Department of Basic Education EMIS,OPEN,KwaZulu-Natal,500311984,Independent,Independent ECD Centre,,
Jacaranda PP O,Pietermaritzburg,"DISTRICT ROAD 11732,DORPSPRUIT,3201, Pietermaritzburg, KwaZulu-Natal",033 342 0255,,Department of Basic Education EMIS,OPEN,KwaZulu-Natal,500170792,Independent,Independent ECD Centre,-29.60019,30.36044
Khulisa PP O,Pietermaritzburg,"DISTRICT ROAD X6001,HILTON,HOWICK,3245, Pietermaritzburg, KwaZulu-Natal",033 343 0100,,Department of Basic Education EMIS,OPEN,KwaZulu-Natal,500333962,Independent,Independent ECD Centre,,
Kidz Corner Ppo,Edendale,"Edendale, KwaZulu-Natal",011 555 0100,,Department of Basic Education EMIS,OPEN,KwaZulu-Natal,500422799,Independent,Independent ECD Centre,,
Kidzone Pre-primary O,Pietermaritzburg,"Pietermaritzburg, KwaZulu-Natal",011 555 0100,,Department of Basic Education EMIS,OPEN,KwaZulu-Natal,500493284,Independent,Independent ECD Centre,,
Little Souls Ppo,Pietermaritzburg,"DISTRICT STREET OFFICE,PIETERMARITZBURG,3201, Pietermaritzburg, KwaZulu-Natal",033 342 0510,,Department of Basic Education EMIS,OPEN,KwaZulu-Natal,500312243,Independent,Independent ECD Centre,,
Mirriam Zulu Ppo,Edendale,"DISTRICT 474,EDENDALE,3217, Edendale, KwaZulu-Natal",083 543 3002,,Department of Basic Education EMIS,OPEN,KwaZulu-Natal,500313723,Independent,Independent ECD Centre,,
New England Ppo,Pietermaritzburg,"DISTRICT ROAD, Pietermaritzburg, KwaZulu-Natal",033 386 3442,,Department of Basic Education EMIS,OPEN,KwaZulu-Natal,500226329,Independent,Independent ECD Centre,-29.61492,30.40566
Nottingham Road PP,Pietermaritzburg,"ROAD DISTRICT 188,NOTTINGHAM RD,3280, Pietermaritzburg, KwaZulu-Natal",033 263 6189,,Department of Basic Education EMIS,OPEN,KwaZulu-Natal,500236800,Independent,Independent ECD Centre,,
Pied Piper PP O,Pietermaritzburg,"DISTRICT 202,RICHMOND,3780, Pietermaritzburg, KwaZulu-Natal",033 212 3029,,Department of Basic Education EMIS,OPEN,KwaZulu-Natal,500340585,Independent,Independent ECD Centre,,
Rosebud PP O,Pietermaritzburg,"DISTRICT STREET OFFICE,PIETERMARITZBURG,3201, Pietermaritzburg, KwaZulu-Natal",033 392 2727,,Department of Basic Education EMIS,OPEN,KwaZulu-Natal,500324527,Independent,Independent ECD Centre,-29.58897,30.38593
Scottsville Gardens PP O,Pietermaritzburg,"GARDENS DISTRICT EDWARD AVENUE X3,SCOTTSVILLE,3209, Pietermaritzburg, KwaZulu-Natal",033 342 7508,,Department of Basic Education EMIS,OPEN,KwaZulu-Natal,500280904,Independent,Independent ECD Centre,-29.61506,30.40008
Selby Msimang PP,Pietermaritzburg,"DISTRICT 534,EDENDALE,3217, Pietermaritzburg, KwaZulu-Natal",033 399 4282,,Department of Basic Education EMIS,OPEN,KwaZulu-Natal,500312095,Independent,Independent ECD Centre,,
Siembamba PP O,Pietermaritzburg,"DISTRICT ROAD 11821,DORSPRUIT,3201, Pietermaritzburg, KwaZulu-Natal",033 342 4311,,Department of Basic Education EMIS,OPEN,KwaZulu-Natal,500264180,Independent,Independent ECD Centre,,
St Mary's PP O,Pietermaritzburg,"DISTRICT 23,RICHMOND,3780, Pietermaritzburg, KwaZulu-Natal",033 212 3061,,Department of Basic Education EMIS,OPEN,KwaZulu-Natal,500339290,Independent,Independent ECD Centre,,
United Churches Merryland Play Centre O,Pietermaritzburg,"DISTRICT 8079,CUMBERWOOD,3235, Pietermaritzburg, KwaZulu-Natal",033 397 0773,,Department of Basic Education EMIS,OPEN,KwaZulu-Natal,500312132,Independent,Independent ECD Centre,,
Ikusasalesizwe PP O,Mkuze,"DISTRICT 95,SIBHAYI,3967, Mkuze, KwaZulu-Natal",011 555 0100,,Department of Basic Education EMIS,OPEN,KwaZulu-Natal,500304325,Independent,Independent ECD Centre,,
Kiddies Ark O,eThekwini,"DISTRICT STREETP.O.BOX 342,JOZINI,3969, eThekwini, KwaZulu-Natal",082 513 2320,,Department of Basic Education EMIS,OPEN,KwaZulu-Natal,500337107,Independent,Independent ECD Centre,-30.0646,30.87409
Aryan Benevolent Home PP O,eThekwini,"eThekwini, KwaZulu-Natal",011 555 0100,,Department of Basic Education EMIS,OPEN,KwaZulu-Natal,500407333,Independent,Independent ECD Centre,,
Balmandir PP O,Durban,"WARD 48727,QUALBERT,4002, Durban, KwaZulu-Natal",031 307 3224,,Department of Basic Education EMIS,OPEN,KwaZulu-Natal,500340844,Independent,Independent ECD Centre,-26.335,28.14317
Cato PP O,eThekwini,"eThekwini, KwaZulu-Natal",031 400 1091,,Department of Basic Education EMIS,OPEN,KwaZulu-Natal,500114848,Independent,Independent ECD Centre,-29.93382,30.94517
Clare Ellis Brown,eThekwini,"RD, eThekwini, KwaZulu-Natal",011 555 0100,,Department of Basic Education EMIS,PENDING CLOSE,KwaZulu-Natal,500116883,Public,Public ECD Centre,,
Davaar Kindergarten PP O,Durban,"ROAD OFFICE,GLENWOOD,4001, Durban, KwaZulu-Natal",031 201 6674,,Department of Basic Education EMIS,OPEN,KwaZulu-Natal,500120102,Independent,Independent ECD Centre,-29.85898,31.00368
Fremantle Educare Centre O,Durban,"FREMANTLEROADHILLARY 24103,HILLARY,4024, Durban, KwaZulu-Natal",031 463 3194,,Department of Basic Education EMIS,OPEN,KwaZulu-Natal,500344137,Public,Public ECD Centre,-29.8934,30.92865
Glenridge PP,eThekwini,"ROAD, eThekwini, KwaZulu-Natal",011 555 0100,,Department of Basic Education EMIS,PENDING CLOSE,KwaZulu-Natal,500149776,Public,Public ECD Centre,,
Goldilocks Ppo,eThekwini,"ROAD OFFICE,MEREBANK,4052, eThekwini, KwaZulu-Natal",031 461 1792,,Department of Basic Education EMIS,OPEN,KwaZulu-Natal,500150849,Independent,Independent ECD Centre,-29.96235,30.97775
Greenfen Pre Primry School,eThekwini,"ROADUNKNOWN, eThekwini, KwaZulu-Natal",011 555 0100,,Department of Basic Education EMIS,PENDING CLOSE,KwaZulu-Natal,500151589,Public,Public ECD Centre,,
Happy Hours Educare Cent O,eThekwini,"562361,CHATSWORTH,4030, eThekwini, KwaZulu-Natal",031 403 5055,,Department of Basic Education EMIS,OPEN,KwaZulu-Natal,500153624,Independent,Independent ECD Centre,-29.91203,30.89679
Havenside Pre-primary,eThekwini,"HAVENSIDE HAVENSIDE DRIVE, eThekwini, KwaZulu-Natal",031 400 7721,,Department of Basic Education EMIS,PENDING CLOSE,KwaZulu-Natal,500154142,Public,Public ECD Centre,,
Headway PP O,Durban,"201003,DURBAN NORTH,DURBAN,4051, Durban, KwaZulu-Natal",031 563 2288,,Department of Basic Education EMIS,OPEN,KwaZulu-Natal,500154475,Independent,Independent ECD Centre,-29.78488,31.03568
Heidi Pre-school O,eThekwini,"STREET, eThekwini, KwaZulu-Natal",011 555 0100,,Department of Basic Education EMIS,OPEN,KwaZulu-Natal,500407481,Independent,Independent ECD Centre,,
Joyce Broadhead PP,eThekwini,"BROADHEAD, eThekwini, KwaZulu-Natal",011 555 0100,,Department of Basic Education EMIS,PENDING CLOSE,KwaZulu-Natal,500171717,Public,Public ECD Centre,,
Little Bears Play School O,KwaZulu-Natal,"KwaZulu-Natal, KwaZulu-Natal",011 555 0100,,Department of Basic Education EMIS,OPEN,KwaZulu-Natal,500490139,Independent,Independent ECD Centre,,
Montpelier Ppo,Durban,"ROAD OFFICE,MORNINGSIDE,2057, Durban, KwaZulu-Natal",031 312 6670,,Department of Basic Education EMIS,OPEN,KwaZulu-Natal,500214711,Independent,Independent ECD Centre,-29.83186,31.01373
Northlands P,eThekwini,"DRIVE, eThekwini, KwaZulu-Natal",031 563 2476,,Department of Basic Education EMIS,PENDING CLOSE,KwaZulu-Natal,500236356,Public,Public ECD Centre,,
Oasis Creche And Pre School O,KwaZulu-Natal,"KwaZulu-Natal, KwaZulu-Natal",011 555 0100,,Department of Basic Education EMIS,OPEN,KwaZulu-Natal,500493099,Independent,Independent ECD Centre,,
Panda PP,eThekwini,"ROADUNKNOWN, eThekwini, KwaZulu-Natal",011 555 0100,,Department of Basic Education EMIS,PENDING CLOSE,KwaZulu-Natal,500246050,Public,Public ECD Centre,,
Pandora PP,eThekwini,"RD, eThekwini, KwaZulu-Natal",011 555 0100,,Department of Basic Education EMIS,PENDING CLOSE,KwaZulu-Natal,500246087,Public,Public ECD Centre,,
Penzance PP,eThekwini,"ROADUNKNOWN, eThekwini, KwaZulu-Natal",011 555 0100,,Department of Basic Education EMIS,PENDING CLOSE,KwaZulu-Natal,500120176,Public,Public ECD Centre,,
Queensburgh PP,eThekwini,"RD, eThekwini, KwaZulu-Natal",011 555 0100,,Department of Basic Education EMIS,PENDING CLOSE,KwaZulu-Natal,500254227,Public,Public ECD Centre,,
Saabeeryah Ppo,Durban,"STREET 76411,MARBLERAY,4035, Durban, KwaZulu-Natal",031 305 4701,,Department of Basic Education EMIS,OPEN,KwaZulu-Natal,500257039,Independent,Independent ECD Centre,,
Sea View PP O,eThekwini,"25805,SEAVIEW,4073, eThekwini, KwaZulu-Natal",031 465 3456,,Department of Basic Education EMIS,OPEN,KwaZulu-Natal,500259851,Independent,Independent ECD Centre,,
St Martins PP,Durban,"Durban, KwaZulu-Natal",011 555 0100,,Department of Basic Education EMIS,PENDING CLOSE,KwaZulu-Natal,500276168,Public,Public ECD Centre,,
St. Philomena's PP,eThekwini,"RD, eThekwini, KwaZulu-Natal",031 208 4461,,Department of Basic Education EMIS,PENDING CLOSE,KwaZulu-Natal,500339105,Public,Public ECD Centre,,
Tecoma Pre-primary,eThekwini,"eThekwini, KwaZulu-Natal",011 555 0100,,Department of Basic Education EMIS,PENDING CLOSE,KwaZulu-Natal,500279683,Public,Public ECD Centre,,
Toktokie Pre School,eThekwini,"eThekwini, KwaZulu-Natal",011 555 0100,,Department of Basic Education EMIS,PENDING CLOSE,KwaZulu-Natal,500284197,Public,Public ECD Centre,,
Umdoni Pre Primary,eThekwini,"DRIVEUNKNOWN, eThekwini, KwaZulu-Natal",011 555 0100,,Department of Basic Education EMIS,PENDING CLOSE,KwaZulu-Natal,500287194,Public,Public ECD Centre,,
Woelwater Ppo,eThekwini,"13,AMANZIMTOTI,4126, eThekwini, KwaZulu-Natal",031 904 1821,,Department of Basic Education EMIS,OPEN,KwaZulu-Natal,500304880,Independent,Independent ECD Centre,,
Woodhaven PP,eThekwini,"WOODHAVEN, eThekwini, KwaZulu-Natal",011 555 0100,,Department of Basic Education EMIS,PENDING CLOSE,KwaZulu-Natal,500296962,Public,Public ECD Centre,,
Woodlands Ppo,Durban,"HARVARD OFFICE,WOODLANDS,4004, Durban, KwaZulu-Natal",031 462 5874,,Department of Basic Education EMIS,OPEN,KwaZulu-Natal,500297073,Independent,Independent ECD Centre,-29.92242,30.95115
Dundee PP (grey St) O,Dundee,"DISTRICT 383,DUNDEE,30000, Dundee, KwaZulu-Natal",034 212 1715,,Department of Basic Education EMIS,OPEN,KwaZulu-Natal,500303289,Independent,Independent ECD Centre,,
Endlovana Ppo,Ladysmith,"DISTRICT STREET 403,GREYTOWN,3250, Ladysmith, KwaZulu-Natal",033 413 2736,,Department of Basic Education EMIS,OPEN,KwaZulu-Natal,500312428,Independent,Independent ECD Centre,,
Glencoe PP O,Ladysmith,"DISTRICT STREET 425,GLENCOE,2930, Ladysmith, KwaZulu-Natal",034 393 1524,,Department of Basic Education EMIS,OPEN,KwaZulu-Natal,500149369,Independent,Independent ECD Centre,,
Greytown Child Welfare PP O,Ladysmith,"DISTRICT STREET 305,GREYTOWN,3250, Ladysmith, KwaZulu-Natal",033 413 3174,,Department of Basic Education EMIS,OPEN,KwaZulu-Natal,500312983,Independent,Independent ECD Centre,,
Kammaland Ppo,Ladysmith,"DISTRICT 207,GREYTOWN,3250, Ladysmith, KwaZulu-Natal",033 417 1885,,Department of Basic Education EMIS,OPEN,KwaZulu-Natal,500172272,Independent,Independent ECD Centre,,
Nkanyiso PP O,Ladysmith,"DISTRICT 634,GREYTOWN,3250, Ladysmith, KwaZulu-Natal",084 415 4478,,Department of Basic Education EMIS,OPEN,KwaZulu-Natal,500312465,Independent,Independent ECD Centre,,
Nothisiwe PP O,Dundee,"DISTRICT 75,NQUTHU,3135, Dundee, KwaZulu-Natal",073 037 9021,,Department of Basic Education EMIS,OPEN,KwaZulu-Natal,500323232,Independent,Independent ECD Centre,-28.10986,30.39528
Sifunuxolo Ppo,Ladysmith,"DISTRICT 9,NQUTHU,3135, Ladysmith, KwaZulu-Natal",082 641 0594,,Department of Basic Education EMIS,OPEN,KwaZulu-Natal,500305102,Independent,Independent ECD Centre,,
Bambanani Creche O,KwaZulu-Natal,"KwaZulu-Natal, KwaZulu-Natal",011 555 0100,,Department of Basic Education EMIS,OPEN,KwaZulu-Natal,500450290,Independent,Independent ECD Centre,,
Bayview Nursery & Pre Pr. O,KwaZulu-Natal,"KwaZulu-Natal, KwaZulu-Natal",011 555 0100,,Department of Basic Education EMIS,OPEN,KwaZulu-Natal,500450401,Public,Public ECD Centre,,
Bekezela Pre School O,KwaZulu-Natal,"KwaZulu-Natal, KwaZulu-Natal",011 555 0100,,Department of Basic Education EMIS,OPEN,KwaZulu-Natal,500450438,Public,Public ECD Centre,,
Buhlebenkosi Pre School O,KwaZulu-Natal,"KwaZulu-Natal, KwaZulu-Natal",011 555 0100,,Department of Basic Education EMIS,OPEN,KwaZulu-Natal,500450882,Independent,Independent ECD Centre,,
Buhlebuyeza Educare (nsimbini Pr) O,KwaZulu-Natal,"KwaZulu-Natal, KwaZulu-Natal",011 555 0100,,Department of Basic Education EMIS,OPEN,KwaZulu-Natal,500451104,Independent,Independent ECD Centre,,
Buhlebuyeza Pre School O,KwaZulu-Natal,"KwaZulu-Natal, KwaZulu-Natal",011 555 0100,,Department of Basic Education EMIS,OPEN,KwaZulu-Natal,500451178,Independent,Independent ECD Centre,,
Care Bear O,KwaZulu-Natal,"KwaZulu-Natal, KwaZulu-Natal",011 555 0100,,Department of Basic Education EMIS,OPEN,KwaZulu-Natal,500451252,Independent,Independent ECD Centre,,
Cathulani Creche O,KwaZulu-Natal,"KwaZulu-Natal, KwaZulu-Natal",011 555 0100,,Department of Basic Education EMIS,OPEN,KwaZulu-Natal,500451363,Independent,Independent ECD Centre,,
Daluxolo Day Care Centre O,KwaZulu-Natal,"KwaZulu-Natal, KwaZulu-Natal",011 555 0100,,Department of Basic Education EMIS,OPEN,KwaZulu-Natal,500451770,Independent,Independent ECD Centre,,
Dumbe Crecheo,KwaZulu-Natal,"KwaZulu-Natal, KwaZulu-Natal",011 555 0100,,Department of Basic Education EMIS,OPEN,KwaZulu-Natal,500452066,Independent,Independent ECD Centre,,
Egugwini Creche O,KwaZulu-Natal,"KwaZulu-Natal, KwaZulu-Natal",011 555 0100,,Department of Basic Education EMIS,OPEN,KwaZulu-Natal,500452140,Public,Public ECD Centre,,
Ekukhanyeni Creche O,KwaZulu-Natal,"KwaZulu-Natal, KwaZulu-Natal",011 555 0100,,Department of Basic Education EMIS,OPEN,KwaZulu-Natal,500452362,Public,Public ECD Centre,,
Ekukhanyeni Pre School O,KwaZulu-Natal,"KwaZulu-Natal, KwaZulu-Natal",011 555 0100,,Department of Basic Education EMIS,OPEN,KwaZulu-Natal,500452473,Public,Public ECD Centre,,
Enkuliso Nursery O,KwaZulu-Natal,"KwaZulu-Natal, KwaZulu-Natal",011 555 0100,,Department of Basic Education EMIS,OPEN,KwaZulu-Natal,500453176,Independent,Independent ECD Centre,,
Evutha Crecheo,KwaZulu-Natal,"KwaZulu-Natal, KwaZulu-Natal",011 555 0100,,Department of Basic Education EMIS,OPEN,KwaZulu-Natal,500453472,Public,Public ECD Centre,,
Fundukuzama Pre School O,KwaZulu-Natal,"KwaZulu-Natal, KwaZulu-Natal",011 555 0100,,Department of Basic Education EMIS,OPEN,KwaZulu-Natal,500453731,Independent,Independent ECD Centre,,
Funulwazi Creche O,KwaZulu-Natal,"KwaZulu-Natal, KwaZulu-Natal",011 555 0100,,Department of Basic Education EMIS,OPEN,KwaZulu-Natal,500453805,Public,Public ECD Centre,,
Funulwazi Creche O,KwaZulu-Natal,"KwaZulu-Natal, KwaZulu-Natal",011 555 0100,,Department of Basic Education EMIS,OPEN,KwaZulu-Natal,500453842,Public,Public ECD Centre,,
Gaqangezandla Creche O,KwaZulu-Natal,"KwaZulu-Natal, KwaZulu-Natal",011 555 0100,,Department of Basic Education EMIS,OPEN,KwaZulu-Natal,500453953,Public,Public ECD Centre,,
Hambanathi Creche & Pre School O,KwaZulu-Natal,"KwaZulu-Natal, KwaZulu-Natal",011 555 0100,,Department of Basic Education EMIS,OPEN,KwaZulu-Natal,500454471,Public,Public ECD Centre,,
Indumiso Pre School O,KwaZulu-Natal,"KwaZulu-Natal, KwaZulu-Natal",011 555 0100,,Department of Basic Education EMIS,OPEN,KwaZulu-Natal,500455470,Independent,Independent ECD Centre,,
Ingcathu Creche O,KwaZulu-Natal,"KwaZulu-Natal, KwaZulu-Natal",011 555 0100,,Department of Basic Education EMIS,OPEN,KwaZulu-Natal,500455544,Independent,Independent ECD Centre,,
Ingudle Crecheo,KwaZulu-Natal,"KwaZulu-Natal, KwaZulu-Natal",011 555 0100,,Department of Basic Education EMIS,OPEN,KwaZulu-Natal,500455655,Public,Public ECD Centre,,
Injabulo Creche & Pre School O,KwaZulu-Natal,"KwaZulu-Natal, KwaZulu-Natal",011 555 0100,,Department of Basic Education EMIS,OPEN,KwaZulu-Natal,500455803,Public,Public ECD Centre,,
Inkanyezi Pre School O,KwaZulu-Natal,"KwaZulu-Natal, KwaZulu-Natal",011 555 0100,,Department of Basic Education EMIS,OPEN,KwaZulu-Natal,500455988,Independent,Independent ECD Centre,,
Inkanyezi Yokusa Pre Primary O,KwaZulu-Natal,"KwaZulu-Natal, KwaZulu-Natal",011 555 0100,,Department of Basic Education EMIS,OPEN,KwaZulu-Natal,500456062,Public,Public ECD Centre,,
Isibanisethu Pre School O,KwaZulu-Natal,"KwaZulu-Natal, KwaZulu-Natal",011 555 0100,,Department of Basic Education EMIS,OPEN,KwaZulu-Natal,500456839,Independent,Independent ECD Centre,,
Jabu Sizabantu Educare & Com O,KwaZulu-Natal,"KwaZulu-Natal, KwaZulu-Natal",011 555 0100,,Department of Basic Education EMIS,OPEN,KwaZulu-Natal,500457135,Independent,Independent ECD Centre,,
J'ndwalane Educare Centre O,KwaZulu-Natal,"J'NDWALANE, KwaZulu-Natal, KwaZulu-Natal",011 555 0100,,Department of Basic Education EMIS,OPEN,KwaZulu-Natal,500457357,Public,Public ECD Centre,,
Kadekusile Sisebenza Creche O,KwaZulu-Natal,"KwaZulu-Natal, KwaZulu-Natal",011 555 0100,,Department of Basic Education EMIS,OPEN,KwaZulu-Natal,500457505,Public,Public ECD Centre,,
Kwa Shoba Com. Creche O,KwaZulu-Natal,"KwaZulu-Natal, KwaZulu-Natal",011 555 0100,,Department of Basic Education EMIS,OPEN,KwaZulu-Natal,500458837,Public,Public ECD Centre,,
Kwenzokuhle Creche O,KwaZulu-Natal,"KwaZulu-Natal, KwaZulu-Natal",011 555 0100,,Department of Basic Education EMIS,OPEN,KwaZulu-Natal,500458911,Public,Public ECD Centre,,
Lisbon Pre School O,KwaZulu-Natal,"KwaZulu-Natal, KwaZulu-Natal",011 555 0100,,Department of Basic Education EMIS,OPEN,KwaZulu-Natal,500459466,Independent,Independent ECD Centre,,
Little Angels O,KwaZulu-Natal,"KwaZulu-Natal, KwaZulu-Natal",011 555 0100,,Department of Basic Education EMIS,OPEN,KwaZulu-Natal,500459503,Public,Public ECD Centre,,
Little Angels Creche,KwaZulu-Natal,"KwaZulu-Natal, KwaZulu-Natal",011 555 0100,,Department of Basic Education EMIS,OPEN,KwaZulu-Natal,500459540,Independent,Independent ECD Centre,,
Little Flower Creche O,KwaZulu-Natal,"KwaZulu-Natal, KwaZulu-Natal",011 555 0100,,Department of Basic Education EMIS,OPEN,KwaZulu-Natal,500459651,Public,Public ECD Centre,,
Little People O,KwaZulu-Natal,"KwaZulu-Natal, KwaZulu-Natal",011 555 0100,,Department of Basic Education EMIS,OPEN,KwaZulu-Natal,500459725,Independent,Independent ECD Centre,,
Lulama Pre School O,KwaZulu-Natal,"KwaZulu-Natal, KwaZulu-Natal",011 555 0100,,Department of Basic Education EMIS,OPEN,KwaZulu-Natal,500459873,Public,Public ECD Centre,,
Masazane O,KwaZulu-Natal,"KwaZulu-Natal, KwaZulu-Natal",011 555 0100,,Department of Basic Education EMIS,OPEN,KwaZulu-Natal,500460465,Public,Public ECD Centre,,
Masiqhubeke Creche O,KwaZulu-Natal,"KwaZulu-Natal, KwaZulu-Natal",011 555 0100,,Department of Basic Education EMIS,OPEN,KwaZulu-Natal,500460946,Independent,Independent ECD Centre,,
Masithuthuke Creche O,KwaZulu-Natal,"KwaZulu-Natal, KwaZulu-Natal",011 555 0100,,Department of Basic Education EMIS,OPEN,KwaZulu-Natal,500461020,Independent,Independent ECD Centre,,
Mathole Crecheo,KwaZulu-Natal,"KwaZulu-Natal, KwaZulu-Natal",011 555 0100,,Department of Basic Education EMIS,OPEN,KwaZulu-Natal,500461057,Public,Public ECD Centre,,
Mathubesizwe Creche O,KwaZulu-Natal,"KwaZulu-Natal, KwaZulu-Natal",011 555 0100,,Department of Basic Education EMIS,OPEN,KwaZulu-Natal,500461131,Public,Public ECD Centre,,
Mayingwe Creche O,KwaZulu-Natal,"KwaZulu-Natal, KwaZulu-Natal",011 555 0100,,Department of Basic Education EMIS,OPEN,KwaZulu-Natal,500461316,Public,Public ECD Centre,,
Mbalenhle Creche O,KwaZulu-Natal,"KwaZulu-Natal, KwaZulu-Natal",011 555 0100,,Department of Basic Education EMIS,OPEN,KwaZulu-Natal,500461390,Independent,Independent ECD Centre,,
Mbaliyesizwe Creche,KwaZulu-Natal,"KwaZulu-Natal, KwaZulu-Natal",011 555 0100,,Department of Basic Education EMIS,OPEN,KwaZulu-Natal,500461612,Public,Public ECD Centre,,
Mehlokazulu Pre School O,KwaZulu-Natal,"KwaZulu-Natal, KwaZulu-Natal",011 555 0100,,Department of Basic Education EMIS,OPEN,KwaZulu-Natal,500461686,Public,Public ECD Centre,,
Mfishane Creche O,KwaZulu-Natal,"KwaZulu-Natal, KwaZulu-Natal",011 555 0100,,Department of Basic Education EMIS,OPEN,KwaZulu-Natal,500461760,Public,Public ECD Centre,,
Mkhomazi Creche,KwaZulu-Natal,"KwaZulu-Natal, KwaZulu-Natal",011 555 0100,,Department of Basic Education EMIS,OPEN,KwaZulu-Natal,500461908,Independent,Independent ECD Centre,,
Mlamuli Crecheo,KwaZulu-Natal,"KwaZulu-Natal, KwaZulu-Natal",011 555 0100,,Department of Basic Education EMIS,OPEN,KwaZulu-Natal,500461982,Public,Public ECD Centre,,
Moyeni Pre Primary School,eThekwini,"ROADUNKNOWN, eThekwini, KwaZulu-Natal",011 555 0100,,Department of Basic Education EMIS,PENDING CLOSE,KwaZulu-Natal,500215895,Public,Public ECD Centre,,
Mphumzeni Pre School O,KwaZulu-Natal,"KwaZulu-Natal, KwaZulu-Natal",011 555 0100,,Department of Basic Education EMIS,OPEN,KwaZulu-Natal,500462093,Public,Public ECD Centre,,
Mseni Crecheo,KwaZulu-Natal,"KwaZulu-Natal, KwaZulu-Natal",011 555 0100,,Department of Basic Education EMIS,OPEN,KwaZulu-Natal,500462204,Public,Public ECD Centre,,
Mvuzini Crecheo,KwaZulu-Natal,"KwaZulu-Natal, KwaZulu-Natal",011 555 0100,,Department of Basic Education EMIS,OPEN,KwaZulu-Natal,500462278,Public,Public ECD Centre,,
Ndlelanhle Creche O,KwaZulu-Natal,"KwaZulu-Natal, KwaZulu-Natal",011 555 0100,,Department of Basic Education EMIS,OPEN,KwaZulu-Natal,500462685,Independent,Independent ECD Centre,,
Njoko Crecheo,KwaZulu-Natal,"KwaZulu-Natal, KwaZulu-Natal",011 555 0100,,Department of Basic Education EMIS,OPEN,KwaZulu-Natal,500462981,Independent,Independent ECD Centre,,
Nomkhosi Pre School O,KwaZulu-Natal,"KwaZulu-Natal, KwaZulu-Natal",011 555 0100,,Department of Basic Education EMIS,OPEN,KwaZulu-Natal,500463536,Public,Public ECD Centre,,
Ntando Crecheo,KwaZulu-Natal,"KwaZulu-Natal, KwaZulu-Natal",011 555 0100,,Department of Basic Education EMIS,OPEN,KwaZulu-Natal,500463721,Public,Public ECD Centre,,
Ntokozweni Creche O,KwaZulu-Natal,"KwaZulu-Natal, KwaZulu-Natal",011 555 0100,,Department of Basic Education EMIS,OPEN,KwaZulu-Natal,500463795,Public,Public ECD Centre,,
Ntumbane Pre School O,KwaZulu-Natal,"KwaZulu-Natal, KwaZulu-Natal",011 555 0100,,Department of Basic Education EMIS,OPEN,KwaZulu-Natal,500463869,Independent,Independent ECD Centre,,
Othandweni Creche O,KwaZulu-Natal,"KwaZulu-Natal, KwaZulu-Natal",011 555 0100,,Department of Basic Education EMIS,OPEN,KwaZulu-Natal,500460169,Independent,Independent ECD Centre,,
Port Natal Prerimary,Umlazi,"ROADUNKNOWN, Umlazi, KwaZulu-Natal",031 206 0514,,Department of Basic Education EMIS,PENDING CLOSE,KwaZulu-Natal,500251045,Public,Public ECD Centre,,
Qaphelani Creche O,KwaZulu-Natal,"KwaZulu-Natal, KwaZulu-Natal",011 555 0100,,Department of Basic Education EMIS,OPEN,KwaZulu-Natal,500465201,Independent,Independent ECD Centre,,
Qhubekani Creche O,KwaZulu-Natal,"KwaZulu-Natal, KwaZulu-Natal",011 555 0100,,Department of Basic Education EMIS,OPEN,KwaZulu-Natal,500465349,Independent,Independent ECD Centre,,
Sebenzokuhle Creche O,KwaZulu-Natal,"KwaZulu-Natal, KwaZulu-Natal",011 555 0100,,Department of Basic Education EMIS,OPEN,KwaZulu-Natal,500466089,Public,Public ECD Centre,,
Senzosenkosi Pre-school O,KwaZulu-Natal,"KwaZulu-Natal, KwaZulu-Natal",011 555 0100,,Department of Basic Education EMIS,OPEN,KwaZulu-Natal,500466385,Independent,Independent ECD Centre,,
Sibongamandla Creche O,KwaZulu-Natal,"KwaZulu-Natal, KwaZulu-Natal",011 555 0100,,Department of Basic Education EMIS,OPEN,KwaZulu-Natal,500466792,Public,Public ECD Centre,,
Sidubelo Creche O,KwaZulu-Natal,"KwaZulu-Natal, KwaZulu-Natal",011 555 0100,,Department of Basic Education EMIS,OPEN,KwaZulu-Natal,500467347,Independent,Independent ECD Centre,,
Silindokuhle Creche O,KwaZulu-Natal,"KwaZulu-Natal, KwaZulu-Natal",011 555 0100,,Department of Basic Education EMIS,OPEN,KwaZulu-Natal,500467569,Public,Public ECD Centre,,
Sinegugu Creche,Port Shepstone,"Port Shepstone, KwaZulu-Natal",011 555 0100,,Department of Basic Education EMIS,OPEN,KwaZulu-Natal,500467791,Independent,Independent ECD Centre,,
Sinethemba Pre School O,KwaZulu-Natal,"KwaZulu-Natal, KwaZulu-Natal",011 555 0100,,Department of Basic Education EMIS,OPEN,KwaZulu-Natal,500467939,Public,Public ECD Centre,,
Siphesihle Pre School O,KwaZulu-Natal,"KwaZulu-Natal, KwaZulu-Natal",011 555 0100,,Department of Basic Education EMIS,OPEN,KwaZulu-Natal,500468161,Independent,Independent ECD Centre,,
Siwela Crecheo,KwaZulu-Natal,"KwaZulu-Natal, KwaZulu-Natal",011 555 0100,,Department of Basic Education EMIS,OPEN,KwaZulu-Natal,500468642,Independent,Independent ECD Centre,,
Siyakhula Creche O,KwaZulu-Natal,"KwaZulu-Natal, KwaZulu-Natal",011 555 0100,,Department of Basic Education EMIS,OPEN,KwaZulu-Natal,500469012,Independent,Independent ECD Centre,,
Siyathuthuka Creche,KwaZulu-Natal,"KwaZulu-Natal, KwaZulu-Natal",011 555 0100,,Department of Basic Education EMIS,OPEN,KwaZulu-Natal,500469789,Public,Public ECD Centre,,
Siyathuthuka Creche,KwaZulu-Natal,"KwaZulu-Natal, KwaZulu-Natal",011 555 0100,,Department of Basic Education EMIS,OPEN,KwaZulu-Natal,500469863,Independent,Independent ECD Centre,,
Siyazama Creche O,KwaZulu-Natal,"KwaZulu-Natal, KwaZulu-Natal",011 555 0100,,Department of Basic Education EMIS,OPEN,KwaZulu-Natal,500470122,Public,Public ECD Centre,,
Siyonga Ziphozonke Creche O,KwaZulu-Natal,"KwaZulu-Natal, KwaZulu-Natal",011 555 0100,,Department of Basic Education EMIS,OPEN,KwaZulu-Natal,500470381,Public,Public ECD Centre,,
Sizodela Creche O,KwaZulu-Natal,"KwaZulu-Natal, KwaZulu-Natal",011 555 0100,,Department of Basic Education EMIS,OPEN,KwaZulu-Natal,500470751,Public,Public ECD Centre,,
Sizwesihle Creche O,KwaZulu-Natal,"KwaZulu-Natal, KwaZulu-Natal",011 555 0100,,Department of Basic Education EMIS,OPEN,KwaZulu-Natal,500476671,Independent,Independent ECD Centre,,
Talana Pilot Project O,KwaZulu-Natal,"KwaZulu-Natal, KwaZulu-Natal",011 555 0100,,Department of Basic Education EMIS,OPEN,KwaZulu-Natal,500471232,Public,Public ECD Centre,,
Thandukwazi Pre-school O,KwaZulu-Natal,"KwaZulu-Natal, KwaZulu-Natal",011 555 0100,,Department of Basic Education EMIS,OPEN,KwaZulu-Natal,500471713,Public,Public ECD Centre,,
Thembalethu Creche,KwaZulu-Natal,"KwaZulu-Natal, KwaZulu-Natal",011 555 0100,,Department of Basic Education EMIS,OPEN,KwaZulu-Natal,500471787,Public,Public ECD Centre,,
Thembalethu Pre Primary O,KwaZulu-Natal,"KwaZulu-Natal, KwaZulu-Natal",011 555 0100,,Department of Basic Education EMIS,OPEN,KwaZulu-Natal,500471935,Public,Public ECD Centre,,
Tholakele Creche O,KwaZulu-Natal,"KwaZulu-Natal, KwaZulu-Natal",011 555 0100,,Department of Basic Education EMIS,OPEN,KwaZulu-Natal,500472268,Independent,Independent ECD Centre,,
Thuthukani Creche O,KwaZulu-Natal,"KwaZulu-Natal, KwaZulu-Natal",011 555 0100,,Department of Basic Education EMIS,OPEN,KwaZulu-Natal,500472823,Independent,Independent ECD Centre,,
Ulundi Crecheo,Ulundi,"Ulundi, KwaZulu-Natal",011 555 0100,,Department of Basic Education EMIS,OPEN,KwaZulu-Natal,500473267,Public,Public ECD Centre,,
Vukukhanyise Pre Primary O,KwaZulu-Natal,"KwaZulu-Natal, KwaZulu-Natal",011 555 0100,,Department of Basic Education EMIS,OPEN,KwaZulu-Natal,500473859,Public,Public ECD Centre,,
Wonderful Pre School O,KwaZulu-Natal,"KwaZulu-Natal, KwaZulu-Natal",011 555 0100,,Department of Basic Education EMIS,OPEN,KwaZulu-Natal,500474710,Independent,Independent ECD Centre,,
Zakhele Crecheo,KwaZulu-Natal,"KwaZulu-Natal, KwaZulu-Natal",011 555 0100,,Department of Basic Education EMIS,OPEN,KwaZulu-Natal,500474784,Public,Public ECD Centre,,
Zamani Pre - Creche O,KwaZulu-Natal,"KwaZulu-Natal, KwaZulu-Natal",011 555 0100,,Department of Basic Education EMIS,OPEN,KwaZulu-Natal,500475117,Public,Public ECD Centre,,
Zamokuhle Creche O,KwaZulu-Natal,"KwaZulu-Natal, KwaZulu-Natal",011 555 0100,,Department of Basic Education EMIS,OPEN,KwaZulu-Natal,500475376,Independent,Independent ECD Centre,,
Zamokuhle Creche & Pre-school O,KwaZulu-Natal,"KwaZulu-Natal, KwaZulu-Natal",011 555 0100,,Department of Basic Education EMIS,OPEN,KwaZulu-Natal,500475561,Public,Public ECD Centre,,
Zamukuphila Pre School O,KwaZulu-Natal,"KwaZulu-Natal, KwaZulu-Natal",011 555 0100,,Department of Basic Education EMIS,OPEN,KwaZulu-Natal,500475709,Public,Public ECD Centre,,
Bergville PP O,Ladysmith,"DISTRICT STREET 212,BERGVILLE,3350, Ladysmith, KwaZulu-Natal",036 448 1257,,Department of Basic Education EMIS,OPEN,KwaZulu-Natal,500107522,Independent,Independent ECD Centre,-29.58997,30.38159
Caldene PP O,Ladysmith,"DISTRICT ROAD 998,LADYSMITH,3370, Ladysmith, KwaZulu-Natal",036 637 5380,,Department of Basic Education EMIS,OPEN,KwaZulu-Natal,500114219,Public,Public ECD Centre,-29.58718,30.40471
Estcourt PP O,Ladysmith,"DISTRICT STREET 540,ESTCOURT,3310, Ladysmith, KwaZulu-Natal",036 352 2307,,Department of Basic Education EMIS,OPEN,KwaZulu-Natal,500141747,Public,Public ECD Centre,,
Haas Das PP O,Ladysmith,"DISTRICT ROADP.O.BOX 1288,LADYSMITH,3370, Ladysmith, KwaZulu-Natal",036 637 3901,,Department of Basic Education EMIS,OPEN,KwaZulu-Natal,500304103,Public,Public ECD Centre,,
Winterton Ppo,Ladysmith,"DISTRICT 296,WINTERTON,3340, Ladysmith, KwaZulu-Natal",036 488 1218,,Department of Basic Education EMIS,OPEN,KwaZulu-Natal,500324268,Independent,Independent ECD Centre,,
Bhekubuhle Ppo,Richards Bay,"DISTRICT X136,NKANDLA,3855, Richards Bay, KwaZulu-Natal",011 555 0100,,Department of Basic Education EMIS,OPEN,KwaZulu-Natal,500304445,Independent,Independent ECD Centre,,
Brackenham Ppo,Richards Bay,"DISTRICT 493,RICHARDSBAY,3900, Richards Bay, KwaZulu-Natal",035 798 1678,,Department of Basic Education EMIS,OPEN,KwaZulu-Natal,500111925,Independent,Independent ECD Centre,,
Empangeni PP O,Empangeni,"DISTRICT LANE 1536,EMPANGENI,3880, Empangeni, KwaZulu-Natal",035 772 5369,,Department of Basic Education EMIS,OPEN,KwaZulu-Natal,500133903,Independent,Independent ECD Centre,,
Ikusasa PP O,Richards Bay,"DISTRICT 4999,NKANDLA,3855, Richards Bay, KwaZulu-Natal",072 244 5379,,Department of Basic Education EMIS,OPEN,KwaZulu-Natal,500325563,Independent,Independent ECD Centre,,
Kwamonambi Ppo,Richards Bay,"DISTRICT 54,KWAMBONAMBI,3915, Richards Bay, KwaZulu-Natal",035 580 1272,,Department of Basic Education EMIS,OPEN,KwaZulu-Natal,500180930,Independent,Independent ECD Centre,,
Mtunzini PP O,Richards Bay,"DISTRICT STREET 57,MTUNZINI,3867, Richards Bay, KwaZulu-Natal",035 340 1659,,Department of Basic Education EMIS,OPEN,KwaZulu-Natal,500220150,Independent,Independent ECD Centre,,
Richard's Bay PP,Richards Bay,"RICHARD'S DISTRICT 162,RICHARDSBAY,3900, Richards Bay, KwaZulu-Natal",035 789 4311,,Department of Basic Education EMIS,OPEN,KwaZulu-Natal,500255374,Independent,Independent ECD Centre,,
St Catherines PP O,Empangeni,"DISTRICT ROAD 162,EMPANGENI,3880, Empangeni, KwaZulu-Natal",035 772 3041,,Department of Basic Education EMIS,OPEN,KwaZulu-Natal,500275280,Independent,Independent ECD Centre,,
St Francis PP O,Richards Bay,"DISTRICT, Richards Bay, KwaZulu-Natal",011 555 0100,,Department of Basic Education EMIS,OPEN,KwaZulu-Natal,500406815,Independent,Independent ECD Centre,,
Dumbe PP O,Ulundi,"DISTRICT 202,PAULPIETERSBURG,3180, Ulundi, KwaZulu-Natal",034 995 1281,,Department of Basic Education EMIS,OPEN,KwaZulu-Natal,500124616,Independent,Independent ECD Centre,,
Nardini PP O,Vryheid,"NARDINI DISTRICT STREET X9309,VRYHEID,3100, Vryheid, KwaZulu-Natal",034 982 2807,,Department of Basic Education EMIS,OPEN,KwaZulu-Natal,500339512,Independent,Independent ECD Centre,-27.77018,30.79772
Amos Mahloana Creche CUM Pre School O,Polokwane,"Polokwane, Limpopo",011 555 0100,,Department of Basic Education EMIS,OPEN,Limpopo,972202202,Public,Public ECD Centre,,
Areetsosheng Creche,Polokwane,"Polokwane, Limpopo",011 555 0100,,Department of Basic Education EMIS,PENDING CLOSE,Limpopo,922250355,Public,Public ECD Centre,-23.4357,28.9203
Areetsosheng Creche,Polokwane,"Polokwane, Limpopo",011 555 0100,,Department of Basic Education EMIS,PENDING CLOSE,Limpopo,972203122,Public,Public ECD Centre,,
Bahlaloga Creche And Pre School O,Polokwane,"VILLAGE, Polokwane, Limpopo",011 555 0100,,Department of Basic Education EMIS,OPEN,Limpopo,972201516,Public,Public ECD Centre,,
Bakwena Creche O,Polokwane,"VILLAGE, Polokwane, Limpopo",011 555 0100,,Department of Basic Education EMIS,OPEN,Limpopo,972206227,Public,Public ECD Centre,,
Banareng Creche,Polokwane,"Polokwane, Limpopo",011 555 0100,,Department of Basic Education EMIS,PENDING CLOSE,Limpopo,972203536,Public,Public ECD Centre,,
Bapuleng Creche,Polokwane,"VILLAGE, Polokwane, Limpopo",011 555 0100,,Department of Basic Education EMIS,OPEN,Limpopo,972204228,Public,Public ECD Centre,,
Basitoameetse Creche And Pre-school O,Polokwane,"Polokwane, Limpopo",011 555 0100,,Department of Basic Education EMIS,OPEN,Limpopo,972205223,Public,Public ECD Centre,,
Biko Park Creche O,Polokwane,"Polokwane, Limpopo",011 555 0100,,Department of Basic Education EMIS,OPEN,Limpopo,972205618,Public,Public ECD Centre,,
Bochabelo Child Care Centre,Polokwane,"Polokwane, Limpopo",011 555 0100,,Department of Basic Education EMIS,PENDING CLOSE,Limpopo,972205636,Public,Public ECD Centre,,
Bodutlulo Creche O,Polokwane,"Polokwane, Limpopo",011 555 0100,,Department of Basic Education EMIS,OPEN,Limpopo,972204216,Public,Public ECD Centre,,
Bohlapa Crecheo,Polokwane,"Polokwane, Limpopo",011 555 0100,,Department of Basic Education EMIS,OPEN,Limpopo,972201425,Public,Public ECD Centre,,
Boikhutso Community Creche O,Polokwane,"MOLETLANE MOLETLANE, Polokwane, Limpopo",011 555 0100,,Department of Basic Education EMIS,OPEN,Limpopo,972206323,Public,Public ECD Centre,,
Bokamoso Day Care Centre O,Polokwane,"Polokwane, Limpopo",011 555 0100,,Department of Basic Education EMIS,OPEN,Limpopo,972204514,Public,Public ECD Centre,,
Bright Creche And Pre School O,Polokwane,"VILLAGE, Polokwane, Limpopo",011 555 0100,,Department of Basic Education EMIS,OPEN,Limpopo,972203527,Public,Public ECD Centre,,
Chuene Crecheo,Polokwane,"VILLAGE, Polokwane, Limpopo",011 555 0100,,Department of Basic Education EMIS,OPEN,Limpopo,972201117,Public,Public ECD Centre,,
Dairing Community Creche O,Polokwane,"BLOODRIVER, Polokwane, Limpopo",011 555 0100,,Department of Basic Education EMIS,OPEN,Limpopo,972205625,Independent,Independent ECD Centre,,
Dikgading Creche O,Polokwane,"VILLAGE, Polokwane, Limpopo",011 555 0100,,Department of Basic Education EMIS,OPEN,Limpopo,973303420,Public,Public ECD Centre,,
Dikobe Pre School O,Polokwane,"Polokwane, Limpopo",011 555 0100,,Department of Basic Education EMIS,OPEN,Limpopo,972202210,Public,Public ECD Centre,,
Dikolobeng Creche O,Polokwane,"VILLAGE, Polokwane, Limpopo",011 555 0100,,Department of Basic Education EMIS,OPEN,Limpopo,972205614,Public,Public ECD Centre,,
Dikopelo Creche O,Polokwane,"Polokwane, Limpopo",079 089 4866,,Department of Basic Education EMIS,OPEN,Limpopo,972205224,Public,Public ECD Centre,,
Dikwadi Crecheo,Polokwane,"VILLAGE, Polokwane, Limpopo",011 555 0100,,Department of Basic Education EMIS,OPEN,Limpopo,972201608,Public,Public ECD Centre,,
Edith Mashao Creche O,Polokwane,"Polokwane, Limpopo",011 555 0100,,Department of Basic Education EMIS,OPEN,Limpopo,972205401,Public,Public ECD Centre,,
Ephaphatha Creche And Pre-school O,Polokwane,"VILLAGE, Polokwane, Limpopo",011 555 0100,,Department of Basic Education EMIS,OPEN,Limpopo,973303111,Public,Public ECD Centre,,
Equal Day Care Centre,Polokwane,"Polokwane, Limpopo",011 555 0100,,Department of Basic Education EMIS,PENDING CLOSE,Limpopo,972205420,Public,Public ECD Centre,,
Eunice Meela Creche And Pre-school O,Polokwane,"VILLAGE, Polokwane, Limpopo",011 555 0100,,Department of Basic Education EMIS,OPEN,Limpopo,973303403,Public,Public ECD Centre,,
Fahlologa Edu-care Centre O,Polokwane,"VILLAGE, Polokwane, Limpopo",011 555 0100,,Department of Basic Education EMIS,OPEN,Limpopo,972204230,Independent,Independent ECD Centre,,
Fiona Molepo Creche,Polokwane,"Polokwane, Limpopo",011 555 0100,,Department of Basic Education EMIS,OPEN,Limpopo,972205611,Public,Public ECD Centre,,
Golden Future Creche And Pre School O,Polokwane,"VILLAGE, Polokwane, Limpopo",011 555 0100,,Department of Basic Education EMIS,OPEN,Limpopo,972205608,Public,Public ECD Centre,,
Good Hope Early Learning Centre O,Polokwane,"Polokwane, Limpopo",011 555 0100,,Department of Basic Education EMIS,OPEN,Limpopo,972205624,Independent,Independent ECD Centre,,
Grootkop Creche O,Polokwane,"Polokwane, Limpopo",079 030 8198,,Department of Basic Education EMIS,OPEN,Limpopo,972204502,Public,Public ECD Centre,,
Happy Hours Creche,Polokwane,"Polokwane, Limpopo",011 555 0100,,Department of Basic Education EMIS,PENDING CLOSE,Limpopo,972205635,Public,Public ECD Centre,,
Hlana Phora Pre School O,Polokwane,"2671,LEESDALE,070299, Polokwane, Limpopo",267 107 0299,,Department of Basic Education EMIS,OPEN,Limpopo,972202404,Public,Public ECD Centre,,
Hunadi A Phaahla O,Polokwane,"VILLAGE, Polokwane, Limpopo",011 555 0100,,Department of Basic Education EMIS,OPEN,Limpopo,972204209,Public,Public ECD Centre,,
Ikageng Crecheo,Polokwane,"BLOODRIVER, Polokwane, Limpopo",073 306 0699,,Department of Basic Education EMIS,OPEN,Limpopo,972205613,Public,Public ECD Centre,,
Ipopeng Crecheo,Polokwane,"Polokwane, Limpopo",011 555 0100,,Department of Basic Education EMIS,OPEN,Limpopo,972204226,Public,Public ECD Centre,,
Itshepeng Pre School And Creche O,Polokwane,"Polokwane, Limpopo",011 555 0100,,Department of Basic Education EMIS,OPEN,Limpopo,972201431,Public,Public ECD Centre,,
Itumeleng Pre School And Creche O,Polokwane,"VILLAGE, Polokwane, Limpopo",011 555 0100,,Department of Basic Education EMIS,OPEN,Limpopo,972201421,Public,Public ECD Centre,,
Jonas Kgapho Pre-school O,Polokwane,"Polokwane, Limpopo",011 555 0100,,Department of Basic Education EMIS,OPEN,Limpopo,972205408,Public,Public ECD Centre,,
Kagiso Day Care And Pre-school,Polokwane,"Polokwane, Limpopo",011 555 0100,,Department of Basic Education EMIS,PENDING CLOSE,Limpopo,972203220,Public,Public ECD Centre,,
Kailane Creche And Pre School O,Polokwane,"KAILANE, Polokwane, Limpopo",011 555 0100,,Department of Basic Education EMIS,OPEN,Limpopo,972201417,Public,Public ECD Centre,,
Kapa's Pre-school And Day Care Centre,Polokwane,"Polokwane, Limpopo",011 555 0100,,Department of Basic Education EMIS,PENDING CLOSE,Limpopo,972203229,Public,Public ECD Centre,,
Kapeng Day Care And Pre School O,Polokwane,"Polokwane, Limpopo",011 555 0100,,Department of Basic Education EMIS,OPEN,Limpopo,972205620,Public,Public ECD Centre,,
Kgabedi Day Care Centre O,Polokwane,"Polokwane, Limpopo",011 555 0100,,Department of Basic Education EMIS,OPEN,Limpopo,972203523,Public,Public ECD Centre,,
Kgabo A Moloto Creche O,Polokwane,"Polokwane, Limpopo",011 555 0100,,Department of Basic Education EMIS,OPEN,Limpopo,972205203,Public,Public ECD Centre,,
Kgabo Nkotsana Pre School,Polokwane,"Polokwane, Limpopo",011 555 0100,,Department of Basic Education EMIS,PENDING CLOSE,Limpopo,972205114,Public,Public ECD Centre,,
Kgaiwa Creche And Pre School O,Polokwane,"Polokwane, Limpopo",011 555 0100,,Department of Basic Education EMIS,OPEN,Limpopo,972202407,Public,Public ECD Centre,,
Kgomo Crecheo,Polokwane,"VILLAGE, Polokwane, Limpopo",011 555 0100,,Department of Basic Education EMIS,OPEN,Limpopo,972201126,Public,Public ECD Centre,,
Kgotlelelang Creche O,Polokwane,"VILLAGE, Polokwane, Limpopo",011 555 0100,,Department of Basic Education EMIS,OPEN,Limpopo,972204508,Public,Public ECD Centre,,
Kgotlho Creche And Pre School,Polokwane,"Polokwane, Limpopo",011 555 0100,,Department of Basic Education EMIS,PENDING CLOSE,Limpopo,972203116,Public,Public ECD Centre,,
Khutjo Crecheo,Polokwane,"Polokwane, Limpopo",076 132 6341,,Department of Basic Education EMIS,OPEN,Limpopo,972204501,Public,Public ECD Centre,,
Kibi Day Care Centre O,Polokwane,"VILLAGE 438,LESHOANE,072499, Polokwane, Limpopo",043 807 2499,,Department of Basic Education EMIS,OPEN,Limpopo,972203402,Public,Public ECD Centre,,
Kodumela Pre School O,Polokwane,"MOLETLANE VILLAGE, Polokwane, Limpopo",011 555 0100,,Department of Basic Education EMIS,OPEN,Limpopo,972206316,Public,Public ECD Centre,,
Kokona Dikgale Day Care Centre O,Polokwane,"VILLAGE, Polokwane, Limpopo",011 555 0100,,Department of Basic Education EMIS,OPEN,Limpopo,972203107,Public,Public ECD Centre,,
Kolobere Day Care O,Polokwane,"Polokwane, Limpopo",011 555 0100,,Department of Basic Education EMIS,OPEN,Limpopo,972204213,Public,Public ECD Centre,,
Kopano Creche And Pre-school O,Polokwane,"Polokwane, Limpopo",011 555 0100,,Department of Basic Education EMIS,OPEN,Limpopo,972201602,Public,Public ECD Centre,,
Kwena Pre School And Creche O,Polokwane,"Polokwane, Limpopo",011 555 0100,,Department of Basic Education EMIS,OPEN,Limpopo,972202314,Public,Public ECD Centre,,
Lanjene Creche CUM Pre-school O,Polokwane,"Polokwane, Limpopo",011 555 0100,,Department of Basic Education EMIS,OPEN,Limpopo,972205412,Public,Public ECD Centre,,
Lebelebele Pre School And Creche O,Bochum,"109,BOCHUM,0790, Bochum, Limpopo",011 555 0100,,Department of Basic Education EMIS,OPEN,Limpopo,972201506,Public,Public ECD Centre,,
Lebitsi Pre School And Creche O,Polokwane,"VILLAGE 916,SENWABARWANA,0790, Polokwane, Limpopo",011 555 0100,,Department of Basic Education EMIS,OPEN,Limpopo,972201502,Public,Public ECD Centre,,
Lebowakgomo Creche O,Lebowakgomo,"Lebowakgomo, Limpopo",011 555 0100,,Department of Basic Education EMIS,OPEN,Limpopo,972204109,Public,Public ECD Centre,,
Lebu Pre-school And Creche O,Polokwane,"Polokwane, Limpopo",011 555 0100,,Department of Basic Education EMIS,OPEN,Limpopo,972201615,Public,Public ECD Centre,,
Legaseane Creche And Pre-school,Polokwane,"Polokwane, Limpopo",011 555 0100,,Department of Basic Education EMIS,PENDING CLOSE,Limpopo,972203221,Public,Public ECD Centre,,
Lehlabile Care Centre,Polokwane,"Polokwane, Limpopo",011 555 0100,,Department of Basic Education EMIS,PENDING CLOSE,Limpopo,972203219,Public,Public ECD Centre,,
Lehlabile Creche,Polokwane,"2816,SOVENGA,072799, Polokwane, Limpopo",281 607 2799,,Department of Basic Education EMIS,OPEN,Limpopo,972203501,Public,Public ECD Centre,,
Lehlabile Creche,Polokwane,"VILLAGE, Polokwane, Limpopo",011 555 0100,,Department of Basic Education EMIS,OPEN,Limpopo,972204210,Public,Public ECD Centre,,
Lehloedi Creche And Pre-school O,Polokwane,"Polokwane, Limpopo",011 555 0100,,Department of Basic Education EMIS,OPEN,Limpopo,972201601,Public,Public ECD Centre,,
Lehlogonolo Creche O,Polokwane,"VILLAGE, Polokwane, Limpopo",011 555 0100,,Department of Basic Education EMIS,OPEN,Limpopo,973303404,Public,Public ECD Centre,,
Lejampholo Community Creche O,Polokwane,"Polokwane, Limpopo",011 555 0100,,Department of Basic Education EMIS,OPEN,Limpopo,972205226,Public,Public ECD Centre,,
Lenny Day Care Centre,Polokwane,"Polokwane, Limpopo",011 555 0100,,Department of Basic Education EMIS,PENDING CLOSE,Limpopo,972205111,Public,Public ECD Centre,,
Lepotlako Creche O,Polokwane,"Polokwane, Limpopo",011 555 0100,,Department of Basic Education EMIS,OPEN,Limpopo,972206103,Public,Public ECD Centre,,
Lesedi Community Creche O,Polokwane,"MOLETLANE, Polokwane, Limpopo",011 555 0100,,Department of Basic Education EMIS,OPEN,Limpopo,972206315,Public,Public ECD Centre,,
Lesedi Crecheo,Polokwane,"VILLAGE, Polokwane, Limpopo",011 555 0100,,Department of Basic Education EMIS,OPEN,Limpopo,973303102,Public,Public ECD Centre,,
Lesedi Creche Mashite O,Polokwane,"Polokwane, Limpopo",011 555 0100,,Department of Basic Education EMIS,OPEN,Limpopo,972204422,Public,Public ECD Centre,,
Lesedi Seleteng Creche O,Polokwane,"Polokwane, Limpopo",011 555 0100,,Department of Basic Education EMIS,OPEN,Limpopo,972204419,Public,Public ECD Centre,,
Lesetja Kwena Creche And Pre School,Polokwane,"Polokwane, Limpopo",011 555 0100,,Department of Basic Education EMIS,PENDING CLOSE,Limpopo,922251303,Public,Public ECD Centre,,
Lesibana Creche Combined Pre School O,Polokwane,"Polokwane, Limpopo",011 555 0100,,Department of Basic Education EMIS,OPEN,Limpopo,972202114,Public,Public ECD Centre,,
Mabalane Creche And Pre School O,Polokwane,"MABALANE, Polokwane, Limpopo",011 555 0100,,Department of Basic Education EMIS,OPEN,Limpopo,972205411,Public,Public ECD Centre,,
Maborara Child Care Centre O,Polokwane,"VILLAGE, Polokwane, Limpopo",011 555 0100,,Department of Basic Education EMIS,OPEN,Limpopo,972201116,Public,Public ECD Centre,,
Mabore Pre School O,Polokwane,"Polokwane, Limpopo",011 555 0100,,Department of Basic Education EMIS,OPEN,Limpopo,972203108,Public,Public ECD Centre,,
Mabotane Day Care Centre O,Polokwane,"Polokwane, Limpopo",011 555 0100,,Department of Basic Education EMIS,OPEN,Limpopo,972203111,Public,Public ECD Centre,,
Maboya Pre School O,Polokwane,"Polokwane, Limpopo",011 555 0100,,Department of Basic Education EMIS,OPEN,Limpopo,972205415,Public,Public ECD Centre,,
Mabusha Day Care Centre O,Polokwane,"VILLAGE, Polokwane, Limpopo",011 555 0100,,Department of Basic Education EMIS,OPEN,Limpopo,972201606,Public,Public ECD Centre,,
Mabutsi Creche And Pre-school O,Polokwane,"VILLAGE, Polokwane, Limpopo",011 555 0100,,Department of Basic Education EMIS,OPEN,Limpopo,972201605,Public,Public ECD Centre,,
Macha Day Care Centre O,Polokwane,"VILLAGE, Polokwane, Limpopo",011 555 0100,,Department of Basic Education EMIS,OPEN,Limpopo,972203516,Public,Public ECD Centre,,
Madikelele Day Care Centre O,Polokwane,"VILLAGE, Polokwane, Limpopo",011 555 0100,,Department of Basic Education EMIS,OPEN,Limpopo,972201112,Public,Public ECD Centre,,
Madikgabo Creche And Pre School O,Polokwane,"Polokwane, Limpopo",011 555 0100,,Department of Basic Education EMIS,OPEN,Limpopo,972201416,Independent,Independent ECD Centre,,
Maditaboga Day Care Centre O,Polokwane,"VILLAGE, Polokwane, Limpopo",011 555 0100,,Department of Basic Education EMIS,OPEN,Limpopo,972203510,Public,Public ECD Centre,,
Mafotha Creche And Pre-school O,Polokwane,"VILLAGE, Polokwane, Limpopo",011 555 0100,,Department of Basic Education EMIS,OPEN,Limpopo,973303411,Public,Public ECD Centre,,
Mafotsha Creche And Pre School O,Polokwane,"Polokwane, Limpopo",011 555 0100,,Department of Basic Education EMIS,OPEN,Limpopo,972205107,Public,Public ECD Centre,,
Magakabjeng Day Care O,Polokwane,"VILLAGE, Polokwane, Limpopo",011 555 0100,,Department of Basic Education EMIS,OPEN,Limpopo,972204518,Public,Public ECD Centre,,
Mahlasedi Creche O,Polokwane,"MARULANENGGAMPHAHLELE VILLAGE MARULANENG, Polokwane, Limpopo",011 555 0100,,Department of Basic Education EMIS,OPEN,Limpopo,972204516,Public,Public ECD Centre,,
Mahlodi Day Care Centre O,Polokwane,"Polokwane, Limpopo",011 555 0100,,Department of Basic Education EMIS,OPEN,Limpopo,972201413,Public,Public ECD Centre,,
Mahlogonolo Community Creche O,Polokwane,"MOLETLANE MOGOTLANE VILLAGE MOGOTLANE, Polokwane, Limpopo",011 555 0100,,Department of Basic Education EMIS,OPEN,Limpopo,972206308,Public,Public ECD Centre,,
Maikhutsong Community Creche,Polokwane,"Polokwane, Limpopo",011 555 0100,,Department of Basic Education EMIS,PENDING CLOSE,Limpopo,972203223,Public,Public ECD Centre,,
Makekeke Creche And Pre School O,Polokwane,"Polokwane, Limpopo",011 555 0100,,Department of Basic Education EMIS,OPEN,Limpopo,972205106,Public,Public ECD Centre,,
Makgahlela Pre School O,Polokwane,"Polokwane, Limpopo",011 555 0100,,Department of Basic Education EMIS,OPEN,Limpopo,972201316,Public,Public ECD Centre,,
Makgeila Day Care O,Polokwane,"VILLAGE, Polokwane, Limpopo",011 555 0100,,Department of Basic Education EMIS,OPEN,Limpopo,972204208,Public,Public ECD Centre,,
Makgohloana Creche And Pre School,Polokwane,"Polokwane, Limpopo",011 555 0100,,Department of Basic Education EMIS,PENDING CLOSE,Limpopo,922225133,Public,Public ECD Centre,,
Makgolongwana Creche And Pre-school O,Polokwane,"VILLAGE, Polokwane, Limpopo",011 555 0100,,Department of Basic Education EMIS,OPEN,Limpopo,973303407,Public,Public ECD Centre,,
Makgothoane Creche Pre-school,Polokwane,"Polokwane, Limpopo",011 555 0100,,Department of Basic Education EMIS,PENDING CLOSE,Limpopo,972203226,Public,Public ECD Centre,,
Makhurumetsa Creche And Pre-school O,Polokwane,"VILLAGE, Polokwane, Limpopo",011 555 0100,,Department of Basic Education EMIS,OPEN,Limpopo,973303406,Public,Public ECD Centre,,
Makoma Crecheo,Polokwane,"VILLAGE, Polokwane, Limpopo",011 555 0100,,Department of Basic Education EMIS,OPEN,Limpopo,973303416,Public,Public ECD Centre,,
Makosha Creche And Pre- School O,Polokwane,"VILLAGE, Polokwane, Limpopo",011 555 0100,,Department of Basic Education EMIS,OPEN,Limpopo,973303421,Public,Public ECD Centre,,
Makwane Creche,Polokwane,"Polokwane, Limpopo",011 555 0100,,Department of Basic Education EMIS,PENDING CLOSE,Limpopo,972202122,Public,Public ECD Centre,,
Malebo Molapo Creche O,Polokwane,"VILLAGE, Polokwane, Limpopo",011 555 0100,,Department of Basic Education EMIS,OPEN,Limpopo,972206101,Public,Public ECD Centre,,
Malekwete Creche O,Polokwane,"Polokwane, Limpopo",011 555 0100,,Department of Basic Education EMIS,OPEN,Limpopo,972203522,Public,Public ECD Centre,,
Malesela Chreche Pre School O,Polokwane,"Polokwane, Limpopo",011 555 0100,,Department of Basic Education EMIS,OPEN,Limpopo,972205105,Public,Public ECD Centre,,
Mamaetla Creche And Pre School O,Bochum,"44,BOCHUM,0790, Bochum, Limpopo",011 555 0100,,Department of Basic Education EMIS,OPEN,Limpopo,972201401,Public,Public ECD Centre,,
Mamohlaume Day Care O,Polokwane,"Polokwane, Limpopo",011 555 0100,,Department of Basic Education EMIS,OPEN,Limpopo,972203112,Public,Public ECD Centre,,
Mamokgalabje Creche And Pre School O,Polokwane,"VILLAGE, Polokwane, Limpopo",011 555 0100,,Department of Basic Education EMIS,OPEN,Limpopo,972201515,Public,Public ECD Centre,,
Mamoshita Early Learning Centre O,Polokwane,"Polokwane, Limpopo",011 555 0100,,Department of Basic Education EMIS,OPEN,Limpopo,972203524,Public,Public ECD Centre,,
Mamphoko Creche 2 O,Polokwane,"Polokwane, Limpopo",011 555 0100,,Department of Basic Education EMIS,OPEN,Limpopo,972203531,Public,Public ECD Centre,,
Mampotse Day Care Centre O,Polokwane,"Polokwane, Limpopo",011 555 0100,,Department of Basic Education EMIS,OPEN,Limpopo,972201114,Public,Public ECD Centre,,
Mandela Paradise Creche And Pre School O,Polokwane,"VILLAGE, Polokwane, Limpopo",011 555 0100,,Department of Basic Education EMIS,OPEN,Limpopo,972205405,Public,Public ECD Centre,,
Mankgatleng Creche And Pre School O,Polokwane,"Polokwane, Limpopo",011 555 0100,,Department of Basic Education EMIS,OPEN,Limpopo,972201430,Public,Public ECD Centre,,
Mantekedi Creche And Pre-school,Polokwane,"Polokwane, Limpopo",011 555 0100,,Department of Basic Education EMIS,PENDING CLOSE,Limpopo,919341329,Public,Public ECD Centre,,
Mantlweng Creche CUM Pre School O,Polokwane,"Polokwane, Limpopo",011 555 0100,,Department of Basic Education EMIS,OPEN,Limpopo,972205406,Independent,Independent ECD Centre,,
Maphefo Day Care Centre,Polokwane,"Polokwane, Limpopo",011 555 0100,,Department of Basic Education EMIS,PENDING CLOSE,Limpopo,972205113,Public,Public ECD Centre,,
Mapitsi Creche And Pre-school O,Polokwane,"Polokwane, Limpopo",011 555 0100,,Department of Basic Education EMIS,OPEN,Limpopo,972205225,Public,Public ECD Centre,,
Maranatha Mogoto Creche And Pre School O,Mokopane,"MOLETLANE VILLAGE, Mokopane, Limpopo",011 555 0100,,Department of Basic Education EMIS,OPEN,Limpopo,972206317,Public,Public ECD Centre,,
Maripana Creche And Pre-school O,Polokwane,"Polokwane, Limpopo",019 530 8212,,Department of Basic Education EMIS,OPEN,Limpopo,973303409,Public,Public ECD Centre,,
Masemadi Creche,Polokwane,"VILLAGE, Polokwane, Limpopo",011 555 0100,,Department of Basic Education EMIS,OPEN,Limpopo,973303104,Public,Public ECD Centre,,
Masemalema Day Care O,Polokwane,"VILLAGE, Polokwane, Limpopo",011 555 0100,,Department of Basic Education EMIS,OPEN,Limpopo,972203513,Public,Public ECD Centre,,
Mashemone Community Creche O,Polokwane,"Polokwane, Limpopo",011 555 0100,,Department of Basic Education EMIS,OPEN,Limpopo,972205627,Independent,Independent ECD Centre,,
Mashilo Day Care Centre O,Polokwane,"VILLAGE, Polokwane, Limpopo",011 555 0100,,Department of Basic Education EMIS,OPEN,Limpopo,972201103,Public,Public ECD Centre,,
Masibatsena Creche O,Polokwane,"VILLAGE, Polokwane, Limpopo",011 555 0100,,Department of Basic Education EMIS,OPEN,Limpopo,972205615,Public,Public ECD Centre,,
Masobe Creche,Polokwane,"Polokwane, Limpopo",011 555 0100,,Department of Basic Education EMIS,PENDING CLOSE,Limpopo,972203224,Public,Public ECD Centre,,
Matome Creche And Pre School,Polokwane,"Polokwane, Limpopo",011 555 0100,,Department of Basic Education EMIS,PENDING CLOSE,Limpopo,972202422,Public,Public ECD Centre,,
Matome Pre School O,Polokwane,"VILLAGE, Polokwane, Limpopo",011 555 0100,,Department of Basic Education EMIS,OPEN,Limpopo,972201104,Public,Public ECD Centre,,
